{"411921743": {"name": "Kh\u00e1ch s\u1ea1n Sofitel", "lat": 10.784146, "lon": 106.7022474, "routes": ["18", "19", "30"]}, "860695663": {"name": "C\u1ed5ng Xe l\u1eeda", "lat": 10.7912452, "lon": 106.67243, "routes": ["28"]}, "1120760987": {"name": "ETown", "lat": 10.8025366, "lon": 106.6409551, "routes": ["60-7", "04", "28", "63-1", "104", "145"]}, "1120762115": {"name": "ETown", "lat": 10.8023794, "lon": 106.6402177, "routes": ["60-7", "04", "28", "63-1", "104", "145"]}, "1120776025": {"name": "Ng\u00e3 t\u01b0 Ho\u00e0ng Hoa Th\u00e1m", "lat": 10.8020742, "lon": 106.646984, "routes": ["60-7", "04", "28", "63-1", "104", "145"]}, "1127291109": {"name": "Si\u00eau th\u1ecb Maximart C\u1ed9ng H\u00f2a", "lat": 10.8010259, "lon": 106.6591016, "routes": ["60-7", "04", "28", "63-1", "104", "145"]}, "1171550045": {"name": "C\u00f4ng ty L\u00f4 H\u1ed9i", "lat": 10.8017302, "lon": 106.6511364, "routes": ["60-7", "04", "28", "63-1", "104", "145"]}, "1171550048": {"name": "Ng\u00e2n h\u00e0ng Qu\u00e2n \u0111\u1ed9i", "lat": 10.8013897, "lon": 106.6547482, "routes": ["60-7", "04", "28", "63-1", "104", "145"]}, "1171564036": {"name": "V\u00f2ng xoay L\u0103ng Cha C\u1ea3", "lat": 10.8016016, "lon": 106.6625401, "routes": ["60-7", "60-7", "04", "08", "50", "59", "63-1", "63-1", "64", "103", "104", "109", "148", "152"]}, "1171583941": {"name": "Ng\u00e3 t\u01b0 Th\u00edch Qu\u1ea3ng \u0110\u1ee9c", "lat": 10.8025249, "lon": 106.6836428, "routes": ["60-7", "08", "55", "64", "104"]}, "1171591060": {"name": "Pico Plaza", "lat": 10.8013061, "lon": 106.6535769, "routes": ["60-7", "04", "28", "63-1", "104", "145"]}, "1171615062": {"name": "C\u00f4ng an Ph\u00fa Nhu\u1eadn", "lat": 10.7996024, "lon": 106.6737425, "routes": ["60-7", "08", "64", "104"]}, "1171615063": {"name": "Ng\u00e3 t\u01b0 Phan X\u00edch Long", "lat": 10.8004303, "lon": 106.6817073, "routes": ["60-7", "08", "55", "64", "104"]}, "1171615064": {"name": "Ng\u00e3 t\u01b0 Th\u00edch Qu\u1ea3ng \u0110\u1ee9c", "lat": 10.8026388, "lon": 106.6839835, "routes": ["60-7", "08", "55", "64", "104"]}, "1171615088": {"name": "Si\u00eau th\u1ecb Big C - 241 Ho\u00e0ng V\u0103n Th\u1ee5", "lat": 10.7999475, "lon": 106.6695734, "routes": ["60-7", "08", "64", "104"]}, "1204093531": {"name": "Ng\u00e3 t\u01b0 Phan X\u00edch Long", "lat": 10.8008736, "lon": 106.6819424, "routes": ["60-7", "08", "55", "64", "104"]}, "1204093614": {"name": "Ng\u00e3 ba B\u00ecnh Gi\u00e3", "lat": 10.8022536, "lon": 106.6444137, "routes": ["60-7", "04", "28", "63-1", "104", "145"]}, "1226457742": {"name": "Ch\u1ee3 B\u00e0 Chi\u1ec3u", "lat": 10.8029565, "lon": 106.6994287, "routes": ["60-7", "08", "24", "55", "91", "104", "146"]}, "1226494771": {"name": "Nh\u00e0 Th\u1edd H\u00e0ng Xanh", "lat": 10.8030956, "lon": 106.7067035, "routes": ["60-7", "08", "24", "55", "91", "104", "146"]}, "1226533636": {"name": "B\u1ec7nh vi\u1ec7n Qu\u1eadn Ph\u00fa Nhu\u1eadn", "lat": 10.7983535, "lon": 106.6706946, "routes": ["04", "109", "152"]}, "1226533637": {"name": "C\u1ed5ng Xe l\u1eeda", "lat": 10.7966018, "lon": 106.673686, "routes": ["04", "109", "152"]}, "1226533638": {"name": "Vi\u1ec7n Pasteur", "lat": 10.7853989, "lon": 106.6884993, "routes": ["04", "109", "152"]}, "1226533639": {"name": "C\u00e2y x\u0103ng Qu\u00e2n Khu 7", "lat": 10.7995853, "lon": 106.6685643, "routes": ["04", "109", "152"]}, "1226533640": {"name": "Tr\u1ea7n Qu\u1ed1c To\u1ea3n", "lat": 10.7875664, "lon": 106.686132, "routes": ["04", "109", "152"]}, "1226533641": {"name": "Ch\u00f9a V\u0129nh Nghi\u00eam", "lat": 10.7904163, "lon": 106.6830644, "routes": ["04", "72-1", "109", "152"]}, "1226533642": {"name": "Ng\u00e3 t\u01b0 Tr\u1ea7n Huy Li\u1ec7u", "lat": 10.7932907, "lon": 106.6792327, "routes": ["04", "109", "152"]}, "1226533643": {"name": "Trung t\u00e2m V\u0103n ho\u00e1 qu\u1eadn Ph\u00fa Nhu\u1eadn", "lat": 10.7952035, "lon": 106.6760157, "routes": ["04", "109", "152"]}, "1271240089": {"name": "Ng\u00e3 ba B\u00ecnh Gi\u00e3", "lat": 10.8020485, "lon": 106.6442726, "routes": ["60-7", "04", "28", "63-1", "104", "145"]}, "1271240171": {"name": "Ng\u00e3 t\u01b0 Ph\u00fa Nhu\u1eadn", "lat": 10.7991173, "lon": 106.6791544, "routes": ["60-7", "03", "08", "55", "64", "104"]}, "1271240204": {"name": "C\u00f4ng ty L\u00f4 H\u1ed9i", "lat": 10.8015349, "lon": 106.6504033, "routes": ["60-7", "04", "28", "63-1", "104", "145"]}, "1271240380": {"name": "Si\u00eau th\u1ecb Maximart C\u1ed9ng H\u00f2a", "lat": 10.8007993, "lon": 106.6587685, "routes": ["60-7", "04", "28", "63-1", "104", "145"]}, "1497313167": {"name": "\u0110\u1ea1i h\u1ecdc H\u1ed3ng B\u00e0ng", "lat": 10.7997324, "lon": 106.7062401, "routes": ["10", "45", "93", "150"]}, "1774952214": {"name": "S\u00e2n V\u1eadn \u0110\u1ed9ng Qu\u00e2n Khu 7", "lat": 10.8008567, "lon": 106.6667596, "routes": ["109", "60-7", "60-7", "04", "07", "08", "63-1", "63-1", "64", "104", "152"]}, "2341633260": {"name": "Unknown", "lat": 10.7802929, "lon": 106.6870054, "routes": []}, "2341633543": {"name": "Unknown", "lat": 10.7791572, "lon": 106.6882848, "routes": []}, "2341633617": {"name": "Tr\u01b0\u01a1ng \u0110\u1ecbnh", "lat": 10.7781607, "lon": 106.68974, "routes": ["28", "150"]}, "3016612589": {"name": "B\u1ea3o t\u00e0ng T\u00f4n \u0110\u1ee9c Th\u1eafng", "lat": 10.7776675, "lon": 106.7070246, "routes": ["56", "88"]}, "3116339946": {"name": "C\u01b0 x\u00e1 \u0110\u00f4 Th\u00e0nh", "lat": 10.7732529, "lon": 106.6797477, "routes": ["10", "91", "150"]}, "3116339947": {"name": "Tr\u1ea1m Xe Bus B\u1ec7nh Vi\u1ec7n B\u00ecnh D\u00e2n", "lat": 10.7745133, "lon": 106.681099, "routes": ["150"]}, "3116339948": {"name": "C\u00e1ch m\u1ea1ng Th\u00e1ng 8", "lat": 10.777081, "lon": 106.6841548, "routes": ["10", "30", "91", "150"]}, "3116339949": {"name": "B\u1ec7nh Vi\u1ec7n M\u1eaft TP.HCM", "lat": 10.7782415, "lon": 106.6854428, "routes": ["10", "30", "91", "150"]}, "3116339950": {"name": "S\u1edf Khoa H\u1ecdc V\u00e0 C\u00f4ng Ngh\u1ec7 TP.HCM", "lat": 10.7802465, "lon": 106.6875796, "routes": ["10", "30", "91", "150"]}, "3116339951": {"name": "Tr\u01b0\u1eddng Marie Curie", "lat": 10.7828454, "lon": 106.690229, "routes": ["10", "30", "91"]}, "3116339952": {"name": "Ph\u1ea1m Ng\u1ecdc Th\u1ea1ch", "lat": 10.7850268, "lon": 106.6924163, "routes": ["10", "30", "72-1", "91", "93", "150"]}, "3116339953": {"name": "C\u00f4ng vi\u00ean L\u00ea V\u0103n T\u00e1m", "lat": 10.7869042, "lon": 106.6941735, "routes": ["10", "72-1", "91", "93", "150"]}, "3116339954": {"name": "\u0110inh Ti\u00ean Ho\u00e0ng", "lat": 10.789511, "lon": 106.6967242, "routes": ["10", "72-1", "91", "93", "150"]}, "3116339955": {"name": "C\u1ea7u B\u00f4ng", "lat": 10.7960004, "lon": 106.6962557, "routes": ["18", "31", "36", "91"]}, "3116339956": {"name": "B\u1ec7nh Vi\u1ec7n B\u00ecnh Th\u1ea1nh", "lat": 10.7986201, "lon": 106.6964219, "routes": ["18", "31", "36", "91"]}, "3116339957": {"name": "L\u0103ng \u00d4ng B\u00e0 Chi\u1ec3u", "lat": 10.8009837, "lon": 106.6965741, "routes": ["18", "31", "36", "91"]}, "3116339965": {"name": "L\u0103ng L\u00ea V\u0103n Duy\u1ec7t", "lat": 10.8030815, "lon": 106.706623, "routes": []}, "3116882982": {"name": "B\u1ec7nh vi\u1ec7n Trung V\u01b0\u01a1ng", "lat": 10.7696052, "lon": 106.6582692, "routes": ["08", "63-1", "94", "103"]}, "3116882983": {"name": "B\u1ec7nh Vi\u1ec7n Tr\u01b0ng V\u01b0\u01a1ng", "lat": 10.7697048, "lon": 106.6584645, "routes": ["08", "63-1", "94", "103"]}, "3116882984": {"name": "\u0110\u1ea1i H\u1ecdc B\u00e1ch Khoa (c\u1ed5ng tr\u01b0\u1edbc)", "lat": 10.7713016, "lon": 106.6578284, "routes": ["08", "50", "59", "63-1", "94"]}, "3116882986": {"name": "B\u01b0u \u0111i\u1ec7n Ph\u00fa Th\u1ecd", "lat": 10.7754041, "lon": 106.656636, "routes": ["08", "50", "59", "63-1", "94"]}, "3116882987": {"name": "B\u01b0u \u0110i\u1ec7n Ph\u00fa Th\u1ecd", "lat": 10.7765172, "lon": 106.6565248, "routes": ["08", "50", "59", "63-1", "94"]}, "3116882988": {"name": "Ng\u00e3 ba Th\u00e0nh Th\u00e1i", "lat": 10.7786848, "lon": 106.6559366, "routes": ["08", "50", "59", "63-1", "94"]}, "3116882991": {"name": "Si\u00eau th\u1ecb Nguy\u1ec5n Kim - CMC T\u00e2n B\u00ecnh", "lat": 10.7826742, "lon": 106.6546064, "routes": ["08", "50", "59", "63-1", "94"]}, "3116882992": {"name": "C\u00e2y x\u0103ng \u0110\u00f4i", "lat": 10.7838332, "lon": 106.6544474, "routes": ["08", "50", "59", "63-1", "94"]}, "3116882993": {"name": "Ch\u1ee3 T\u00e2n B\u00ecnh", "lat": 10.7861392, "lon": 106.653633, "routes": ["08", "50", "59", "63-1", "94"]}, "3116882994": {"name": "Ch\u1ee3 T\u00e2n B\u00ecnh", "lat": 10.786201, "lon": 106.6537713, "routes": ["08", "50", "59", "63-1", "94"]}, "3116882995": {"name": "B\u1ec7nh vi\u1ec7n Ch\u1ec9nh h\u00ecnh v\u00e0 Ph\u1ee5c h\u1ed3i Ch\u1ee9c n\u0103ng", "lat": 10.7887502, "lon": 106.6528625, "routes": ["08", "50", "59", "63-1", "94"]}, "3116882996": {"name": "B\u1ec7nh vi\u1ec7n Ch\u1ec9nh h\u00ecnh v\u00e0 Ph\u1ee5c h\u1ed3i Ch\u1ee9c n\u0103ng", "lat": 10.7886183, "lon": 106.6530875, "routes": ["08", "50", "59", "63-1", "94"]}, "3116882997": {"name": "B\u1ec7nh vi\u1ec7n Th\u1ed1ng Nh\u1ea5t", "lat": 10.7920819, "lon": 106.6530411, "routes": ["08", "50", "59", "63-1", "94", "145", "148"]}, "3116882998": {"name": "B\u1ec7nh vi\u1ec7n Th\u1ed1ng Nh\u1ea5t", "lat": 10.7920852, "lon": 106.6528298, "routes": ["08", "50", "59", "63-1", "94", "145", "148"]}, "3116882999": {"name": "B\u1ec7nh vi\u1ec7n Qu\u1eadn T\u00e2n B\u00ecnh", "lat": 10.794588, "lon": 106.6550469, "routes": ["08", "13", "30", "50", "59", "63-1", "64", "65", "94", "103", "145", "148"]}, "3116883000": {"name": "H\u1ed9i ch\u1ee3 Tri\u1ec3n l\u00e3m T\u00e2n B\u00ecnh", "lat": 10.7961028, "lon": 106.6551443, "routes": ["08", "13", "30", "50", "59", "64", "94", "103", "145", "148"]}, "3116883001": {"name": "C\u00e2y x\u0103ng \u0110\u00f4i", "lat": 10.794212, "lon": 106.6521699, "routes": ["08", "13", "30", "50", "59", "64", "65", "94", "103", "145", "148"]}, "3116883004": {"name": "Nh\u00e0 h\u00e0ng \u0110\u00f4ng Ph\u01b0\u01a1ng", "lat": 10.7985489, "lon": 106.6592306, "routes": ["08", "50", "59", "63-1", "64", "103", "145", "148"]}, "3116902314": {"name": "Si\u00eau th\u1ecb Big C - 202 Ho\u00e0ng V\u0103n Th\u1ee5", "lat": 10.8001274, "lon": 106.6695561, "routes": ["60-7", "08", "64", "104"]}, "3118842029": {"name": "\u0110\u1ea1i h\u1ecdc B\u00e1ch Khoa (c\u1ed5ng sau)", "lat": 10.7730637, "lon": 106.6610755, "routes": ["38", "50", "59", "69", "103"]}, "3118842030": {"name": "\u0110\u1ea1i h\u1ecdc B\u00e1ch Khoa", "lat": 10.7739998, "lon": 106.6614617, "routes": ["50", "50"]}, "3118842031": {"name": "Ng\u00e2n h\u00e0ng Qu\u00e2n \u0110\u1ed9i - 136 T\u00f4 Hi\u1ebfn Th\u00e0nh", "lat": 10.7755911, "lon": 106.6628695, "routes": ["38", "59", "69", "103"]}, "3118842033": {"name": "B\u1ec7nh Vi\u1ec7n 115", "lat": 10.7732847, "lon": 106.6647972, "routes": ["38", "59", "69"]}, "3118842034": {"name": "Tr\u1ea1m Xe Bus H\u1ecdc Vi\u1ec7n Qu\u00e2n Y", "lat": 10.7723901, "lon": 106.6651725, "routes": []}, "3118842035": {"name": "Tr\u1ea1m Xe Bus Tr\u01b0\u1eddng THPT Di\u00ean H\u1ed3ng", "lat": 10.7697677, "lon": 106.6661891, "routes": []}, "3118842036": {"name": "Tr\u1ea1m Xe Bus Si\u00eau Th\u1ecb S\u00e0i G\u00f2n", "lat": 10.7685467, "lon": 106.666733, "routes": []}, "3124681592": {"name": "B\u1ebfn B\u1ea1ch \u0110\u1eb1ng", "lat": 10.7733704, "lon": 106.7063876, "routes": ["01", "03", "19", "45", "53", "56", "88"]}, "3141309629": {"name": "UBND Qu\u1eadn B\u00ecnh Th\u1ea1nh", "lat": 10.8026975, "lon": 106.6951454, "routes": ["60-7", "08", "18", "31", "36", "55", "91", "104"]}, "3150112489": {"name": "Nh\u00e0 thi \u0111\u1ea5u Ph\u00fa Th\u1ecd", "lat": 10.7706289, "lon": 106.6567257, "routes": ["38", "69"]}, "3150112490": {"name": "Coopmart Ph\u00fa Th\u1ecd", "lat": 10.7711576, "lon": 106.653285, "routes": ["38", "69"]}, "3150623833": {"name": "Tr\u01b0\u1eddng \u0111ua Ph\u00fa Th\u1ecd", "lat": 10.7673398, "lon": 106.6535431, "routes": ["27"]}, "3150623834": {"name": "Tr\u01b0\u1eddng \u0111ua Ph\u00fa Th\u1ecd", "lat": 10.7672684, "lon": 106.6533586, "routes": ["27"]}, "3150775221": {"name": "B\u1ec7nh Vi\u1ec7n Nhi \u0110\u1ed3ng 1", "lat": 10.7678041, "lon": 106.6703996, "routes": ["10", "10", "14", "27", "38", "69"]}, "3150775222": {"name": "B\u1ec7nh Vi\u1ec7n Nhi \u0110\u1ed3ng 1", "lat": 10.7679785, "lon": 106.6697602, "routes": ["14", "27", "38", "69"]}, "3150775223": {"name": "Ch\u1ee3 Ph\u01b0\u1eddng 10", "lat": 10.7676535, "lon": 106.6733812, "routes": ["10", "14", "27", "69"]}, "3150775224": {"name": "Ch\u1ee3 Ph\u01b0\u1eddng 10", "lat": 10.7678299, "lon": 106.6731242, "routes": ["14", "27", "69"]}, "3150775225": {"name": "H\u1ed3 Th\u1ecb K\u1ef7", "lat": 10.7673926, "lon": 106.6756642, "routes": ["14", "27", "69", "150"]}, "3150775226": {"name": "Ng\u00e3 ba H\u1ed3 Th\u1ecb K\u1ef7", "lat": 10.7672304, "lon": 106.6756198, "routes": ["14", "27", "69"]}, "3152632052": {"name": "Ng\u00e3 ba Ho\u00e0ng Hoa Th\u00e1m", "lat": 10.7959663, "lon": 106.6477825, "routes": ["13", "30", "64", "65", "94"]}, "3152632053": {"name": "Nh\u00e0 th\u1edd \u0110\u1eafc L\u1ed9", "lat": 10.7949952, "lon": 106.6492935, "routes": ["13", "30", "64", "65", "94"]}, "3152632055": {"name": "Ng\u00e3 ba Ho\u00e0ng Hoa Th\u00e1m", "lat": 10.7966321, "lon": 106.6462482, "routes": ["13", "30", "64", "65", "94"]}, "3152637747": {"name": "Ng\u00e3 ba Tr\u01b0\u01a1ng C\u00f4ng \u0110\u1ecbnh", "lat": 10.7991248, "lon": 106.6415737, "routes": ["13", "23", "65", "94"]}, "3152637749": {"name": "Ch\u1ee3 V\u00f5 Th\u00e0nh Trang", "lat": 10.8014473, "lon": 106.6376354, "routes": ["13", "23", "23", "65", "94"]}, "3152637750": {"name": "Ch\u1ee3 V\u00f5 Th\u00e0nh Trang", "lat": 10.8012641, "lon": 106.6376031, "routes": ["13", "23", "65", "94"]}, "3156045472": {"name": "\u0110\u01b0\u1eddng s\u1ed1 27", "lat": 10.802684, "lon": 106.6285343, "routes": ["32", "41", "69", "69"]}, "3156045474": {"name": "Nh\u00e0 th\u1edd H\u1ecd t\u1ed9c Nguy\u1ec5n", "lat": 10.7999593, "lon": 106.6208442, "routes": ["32", "69"]}, "3156045475": {"name": "Tr\u01b0\u1eddng Ti\u1ec3u h\u1ecdc T\u00e2n Qu\u00fd", "lat": 10.7984623, "lon": 106.6169005, "routes": ["16", "69"]}, "3156045477": {"name": "T\u00e2n K\u1ef3 T\u00e2n Qu\u00fd", "lat": 10.7958471, "lon": 106.614064, "routes": ["69"]}, "3156074818": {"name": "Tr\u1ea1m Xe Bus B\u00ecnh Long- G\u00f2 D\u1ea7u", "lat": 10.7946777, "lon": 106.6146996, "routes": []}, "3156074819": {"name": "Tr\u1ea1m Xe Bus B\u00ecnh Long - \u0110\u1ed7 Th\u1eeba Lu\u00f4ng", "lat": 10.7925572, "lon": 106.6156767, "routes": []}, "3156074820": {"name": "Tr\u1ea1m Xe bus C\u00f4ng An Qu\u1eadn T\u00e2n Ph\u00fa", "lat": 10.7901103, "lon": 106.6166588, "routes": []}, "3156074821": {"name": "L\u00ea S\u00e1t", "lat": 10.789729, "lon": 106.6183502, "routes": ["30"]}, "3156074822": {"name": "Ch\u1ee3 T\u00e2n H\u01b0\u01a1ng", "lat": 10.7900484, "lon": 106.6217017, "routes": ["30", "32", "69"]}, "3156074824": {"name": "Nh\u00e0 Th\u1edd T\u00e2n H\u01b0\u01a1ng", "lat": 10.7897076, "lon": 106.6245548, "routes": ["30", "41"]}, "3158928453": {"name": "Cafe Su\u1ed1i Reo", "lat": 10.7898802, "lon": 106.6278021, "routes": ["30", "41"]}, "3158928454": {"name": "Nh\u00e0 th\u1edd Martino", "lat": 10.7924644, "lon": 106.6288547, "routes": ["30", "41"]}, "3158928455": {"name": "T\u00e2n S\u01a1n Nh\u00ec", "lat": 10.7938599, "lon": 106.6288109, "routes": ["41"]}, "3158933734": {"name": "Chung c\u01b0 G\u00f2 D\u1ea7u", "lat": 10.7957136, "lon": 106.6282607, "routes": ["41"]}, "3158933735": {"name": "Cafe Tino", "lat": 10.79594, "lon": 106.6249146, "routes": ["41"]}, "3158933736": {"name": "D\u01b0\u01a1ng V\u0103n D\u01b0\u01a1ng", "lat": 10.7959217, "lon": 106.617515, "routes": ["69"]}, "3158933737": {"name": "Ng\u00e3 t\u01b0 G\u00f2 D\u1ea7u - T\u00e2n Qu\u00fd", "lat": 10.7953058, "lon": 106.6203649, "routes": ["32", "69"]}, "3158933738": {"name": "Tr\u1ea1m Y t\u1ebf Ph\u01b0\u1eddng T\u00e2n Qu\u00fd", "lat": 10.7906992, "lon": 106.6208267, "routes": ["32", "69"]}, "3158936120": {"name": "240 V\u01b0\u1eddn L\u00e0i", "lat": 10.7878312, "lon": 106.6267785, "routes": ["69"]}, "3158936121": {"name": "Tr\u1ea1m Xe Bus Th\u1ef1c ph\u1ea9m C\u1ea7u Tre", "lat": 10.788083, "lon": 106.6307064, "routes": []}, "3158936122": {"name": "100 V\u01b0\u1eddn L\u00e0i", "lat": 10.7877244, "lon": 106.6336824, "routes": ["69"]}, "3158936123": {"name": "14-16 V\u01b0\u1eddn L\u00e0i", "lat": 10.7866903, "lon": 106.6360314, "routes": ["69"]}, "3158957355": {"name": "V\u00f2ng xoay L\u00ea \u0110\u1ea1i H\u00e0nh", "lat": 10.7696037, "lon": 106.651568, "routes": ["27", "38"]}, "3158957356": {"name": "Ch\u1ee3 T\u00e2n Ph\u01b0\u1edbc", "lat": 10.7718669, "lon": 106.6499801, "routes": ["27", "38"]}, "3158957357": {"name": "Tr\u1ea1m Xe Bus C\u00f4ng An Ph\u01b0\u1eddng 10", "lat": 10.7730549, "lon": 106.6492087, "routes": []}, "3158957358": {"name": "Ng\u00e3 t\u01b0 L\u1ea1c Long Qu\u00e2n", "lat": 10.7743607, "lon": 106.6483843, "routes": ["27", "38"]}, "3158966908": {"name": "UBND Ph\u01b0\u1eddng 10", "lat": 10.776098, "lon": 106.6470824, "routes": ["27"]}, "3158966909": {"name": "Ch\u1ee3 Tr\u1ea7n V\u0103n Quang", "lat": 10.7782976, "lon": 106.6454747, "routes": ["27"]}, "3158966913": {"name": "B\u00e0u C\u00e1t 8", "lat": 10.7872481, "lon": 106.6411615, "routes": ["23", "27", "62", "64"]}, "3158979297": {"name": "C\u00f4ng ty Gi\u1ea5y Mai Lan", "lat": 10.79369, "lon": 106.6390081, "routes": ["27", "30", "62"]}, "3158979298": {"name": "Ng\u00e3 ba Ba V\u00e2n", "lat": 10.7960029, "lon": 106.6382834, "routes": ["27", "62"]}, "3158979299": {"name": "Ng\u00e3 ba B\u00e0 Qu\u1eb9o", "lat": 10.8005979, "lon": 106.6369862, "routes": ["27", "62"]}, "3158989496": {"name": "C\u00f4ng Th\u1ecd", "lat": 10.7842063, "lon": 106.650851, "routes": ["145", "148"]}, "3158989497": {"name": "C\u00f4ng Th\u1ecd", "lat": 10.78433, "lon": 106.6510088, "routes": ["145", "148"]}, "3158989498": {"name": "Ni s\u01b0 Hu\u1ef3nh Li\u00ean", "lat": 10.7810213, "lon": 106.6501117, "routes": ["145", "148"]}, "3158989499": {"name": "Ch\u00f9a Gi\u00e1c L\u00e2m", "lat": 10.7782129, "lon": 106.6499476, "routes": ["145", "148"]}, "3158989500": {"name": "\u00c2u C\u01a1", "lat": 10.7741311, "lon": 106.6474614, "routes": ["38", "145", "148"]}, "3159048510": {"name": "Tr\u01b0\u1eddng THCS L\u00ea Qu\u00fd \u0110\u00f4n", "lat": 10.7678704, "lon": 106.6429813, "routes": ["38", "145", "148"]}, "3160527872": {"name": "Nh\u00e0 H\u00e1t H\u00f2a B\u00ecnh", "lat": 10.7717065, "lon": 106.6742079, "routes": ["07", "10", "91"]}, "3160533668": {"name": "Nh\u00e0 H\u00e1t H\u00f2a B\u00ecnh", "lat": 10.7719284, "lon": 106.6748363, "routes": ["07"]}, "3160533670": {"name": "H\u1ecdc Vi\u1ec7n H\u00e0nh Ch\u00ednh Qu\u1ed1c Gia", "lat": 10.7733768, "lon": 106.6772301, "routes": ["07"]}, "3160535889": {"name": "C\u00f4ng tr\u01b0\u1eddng D\u00e2n Ch\u1ee7", "lat": 10.7785069, "lon": 106.6804476, "routes": ["13", "30", "65"]}, "3160535892": {"name": "R\u1ea1p h\u00e1t Thanh V\u00e2n", "lat": 10.7836781, "lon": 106.6707737, "routes": ["13", "30", "65"]}, "3160535893": {"name": "Ch\u1ee3 H\u00f2a H\u01b0ng", "lat": 10.7840832, "lon": 106.6699956, "routes": ["13", "30", "65"]}, "3160535894": {"name": "C\u00f4ng Vi\u00ean L\u00ea Th\u1ecb Ri\u00eang", "lat": 10.7857536, "lon": 106.6669098, "routes": ["13", "30", "65"]}, "3160535895": {"name": "Ng\u00e3 ba B\u00e0nh V\u0103n Tr\u00e2n", "lat": 10.7880857, "lon": 106.6623537, "routes": ["13", "30", "65", "103"]}, "3162506784": {"name": "Ng\u00e3 s\u00e1u D\u00e2n Ch\u1ee7", "lat": 10.7785222, "lon": 106.6826522, "routes": ["10", "30", "91"]}, "3162508870": {"name": "\u0110\u1ec1n Tr\u1ea7n H\u01b0ng \u0110\u1ea1o", "lat": 10.7912747, "lon": 106.6952364, "routes": ["10", "18", "91"]}, "3162508871": {"name": "C\u00f4ng vi\u00ean L\u00ea V\u0103n T\u00e1m", "lat": 10.7888286, "lon": 106.6927829, "routes": ["10", "18", "91"]}, "3162508872": {"name": "Nh\u00e0 thi\u1ebfu nhi th\u00e0nh ph\u1ed1", "lat": 10.7855814, "lon": 106.6896706, "routes": ["109", "04", "10", "30", "91", "152"]}, "3162508873": {"name": "Nh\u00e0 Thi\u1ebfu Nhi TP.HCM", "lat": 10.7835856, "lon": 106.6884339, "routes": ["28"]}, "3162543049": {"name": "Tr\u1ea1m \u0111i\u1ec7n Nguy\u1ec5n C\u1eedu V\u00e2n", "lat": 10.796765, "lon": 106.7031914, "routes": ["10", "45", "93", "150"]}, "3162543050": {"name": "Tr\u1ea1m \u0111i\u1ec7n Nguy\u1ec5n C\u1eedu V\u00e2n", "lat": 10.797252, "lon": 106.7045256, "routes": ["10", "45", "93", "150"]}, "3164237717": {"name": "V\u00f5 V\u0103n T\u1ea7n", "lat": 10.7747207, "lon": 106.6872266, "routes": ["13", "28", "65"]}, "3164258338": {"name": "B\u1ec7nh vi\u1ec7n M\u1eaft - B\u00ecnh D\u00e2n - Da Li\u1ec5u", "lat": 10.7762332, "lon": 106.684384, "routes": ["13", "65"]}, "3164258339": {"name": "C\u00f4ng an Qu\u1eadn 3", "lat": 10.7772828, "lon": 106.6824599, "routes": ["13", "30", "65"]}, "3164258340": {"name": "C\u00f4ng tr\u01b0\u1eddng D\u00e2n Ch\u1ee7", "lat": 10.7774253, "lon": 106.6825349, "routes": ["13", "65"]}, "3164261851": {"name": "Ch\u1ee3 B\u00e0n C\u1edd", "lat": 10.7682516, "lon": 106.6803738, "routes": ["69", "150"]}, "3164261854": {"name": "Tr\u1ea1m Xe Bus Nguy\u1ec5n \u0110\u00ecnh Chi\u1ec3u", "lat": 10.7697739, "lon": 106.6823712, "routes": []}, "3166133532": {"name": "Nguy\u1ec5n Th\u1ecb Ngh\u0129a", "lat": 10.7699494, "lon": 106.6934155, "routes": ["03", "04", "13", "18", "19", "20", "34", "36", "39", "52", "53", "69", "72", "75", "88", "93", "102", "109", "140", "D4"]}, "3166133536": {"name": "Tr\u1ea1m Xe Bus B\u1ec7nh Vi\u1ec7n \u0110a Khoa S\u00e0i G\u00f2n", "lat": 10.7725734, "lon": 106.6991983, "routes": []}, "3166140582": {"name": "M\u1ea7m non Hoa L\u01b0", "lat": 10.7851929, "lon": 106.7087129, "routes": ["30", "44", "56", "88"]}, "3166140583": {"name": "Nguy\u1ec5n H\u1eefu C\u1ea3nh", "lat": 10.7835232, "lon": 106.7073585, "routes": ["44", "53", "56", "88"]}, "3166140585": {"name": "Unknown", "lat": 10.7856443, "lon": 106.7085874, "routes": []}, "3166144873": {"name": "T\u00e2n C\u1ea3ng", "lat": 10.7957146, "lon": 106.7188223, "routes": ["30"]}, "3166144990": {"name": "H\u1ed3 b\u01a1i H\u1ea3i Qu\u00e2n", "lat": 10.7891216, "lon": 106.7107926, "routes": ["30", "44", "56", "88"]}, "3166144991": {"name": "H\u1ed3 b\u01a1i H\u1ea3i Qu\u00e2n", "lat": 10.7894937, "lon": 106.7106287, "routes": ["30", "44", "56", "88"]}, "3166144992": {"name": "Chung c\u01b0 Manor", "lat": 10.793332, "lon": 106.7184473, "routes": ["30", "56"]}, "3166144993": {"name": "Tr\u1ea1m Xe Bus T\u00f2a Nh\u00e0 The Manor", "lat": 10.7924994, "lon": 106.7180639, "routes": []}, "3166179576": {"name": "Nh\u00e0 h\u00e1t Th\u00e0nh ph\u1ed1", "lat": 10.7780395, "lon": 106.7035068, "routes": ["03", "19", "45"]}, "3166179577": {"name": "B\u1ec7nh vi\u1ec7n Nhi \u0111\u1ed3ng 2", "lat": 10.7796927, "lon": 106.701697, "routes": ["03", "19", "45"]}, "3166367902": {"name": "Tr\u1ea1m Xe Bus S\u01b0 V\u1ea1n H\u1ea1nh", "lat": 10.7699578, "lon": 106.6712238, "routes": []}, "3166987989": {"name": "Calmette", "lat": 10.7678522, "lon": 106.6992533, "routes": ["34", "38", "44", "102"]}, "3167004171": {"name": "C\u00e1ch m\u1ea1ng Th\u00e1ng 8", "lat": 10.7746712, "lon": 106.6864365, "routes": ["69", "150"]}, "3167004172": {"name": "Ch\u1ee3 V\u01b0\u1eddn Chu\u1ed1i", "lat": 10.7722404, "lon": 106.6841467, "routes": ["69", "150"]}, "3167004173": {"name": "Cao Th\u1eafng", "lat": 10.7696813, "lon": 106.681737, "routes": ["69", "150"]}, "3167010080": {"name": "C\u00f4ng vi\u00ean L\u00ea V\u0103n T\u00e1m", "lat": 10.7871928, "lon": 106.6927446, "routes": ["03", "18", "31"]}, "3167010081": {"name": "Nh\u00e0 th\u1edd T\u00e2n \u0110\u1ecbnh", "lat": 10.7892203, "lon": 106.6903304, "routes": ["03", "31", "36"]}, "3167010082": {"name": "Tr\u1ea7n Quang Kh\u1ea3i", "lat": 10.7910093, "lon": 106.6879654, "routes": ["03"]}, "3167010083": {"name": "Ch\u1ee3 \u0110akao", "lat": 10.7924976, "lon": 106.6948579, "routes": ["31", "36"]}, "3167018763": {"name": "Vi\u1ec7n Pasteur", "lat": 10.7858932, "lon": 106.688326, "routes": ["109", "04", "152"]}, "3167018764": {"name": "L\u00fd Ch\u00ednh Th\u1eafng", "lat": 10.7892295, "lon": 106.6846521, "routes": ["109", "04", "152"]}, "3167018765": {"name": "Ch\u00f9a V\u0129nh Nghi\u00eam", "lat": 10.7906868, "lon": 106.6830812, "routes": ["109", "04", "152"]}, "3167021689": {"name": "Trung t\u00e2m V\u0103n ho\u00e1 qu\u1eadn Ph\u00fa Nhu\u1eadn", "lat": 10.7954552, "lon": 106.6759988, "routes": ["109", "04", "07", "152"]}, "3167021690": {"name": "C\u1ed5ng Xe l\u1eeda", "lat": 10.79687, "lon": 106.6736192, "routes": ["109", "04", "07", "152"]}, "3167021691": {"name": "B\u1ec7nh vi\u1ec7n Qu\u1eadn Ph\u00fa Nhu\u1eadn", "lat": 10.7986222, "lon": 106.6705919, "routes": ["109", "04", "07", "152"]}, "3167034797": {"name": "R\u1ea1p T\u00e2n S\u01a1n Nh\u1ea5t", "lat": 10.8025381, "lon": 106.6659124, "routes": ["07", "50", "59", "148"]}, "3167034805": {"name": "Trung t\u00e2m h\u1ed9i ngh\u1ecb ti\u1ec7c c\u01b0\u1edbi White Palace", "lat": 10.7999921, "lon": 106.6750228, "routes": ["03", "07", "55"]}, "3167052565": {"name": "Nh\u00e0 Truy\u1ec1n th\u00f4ng", "lat": 10.8022474, "lon": 106.6791754, "routes": ["03", "55"]}, "3167052566": {"name": "Ng\u00e3 t\u01b0 Ph\u00fa Nhu\u1eadn", "lat": 10.7997538, "lon": 106.680097, "routes": ["03", "55"]}, "3167052567": {"name": "Tr\u01b0\u1eddng Cao \u0111\u1eb3ng Kinh t\u1ebf \u0110\u1ed1i ngo\u1ea1i", "lat": 10.7978974, "lon": 106.6808892, "routes": ["03"]}, "3168063562": {"name": "C\u00f4ng an Qu\u1eadn Ph\u00fa Nhu\u1eadn", "lat": 10.7955336, "lon": 106.6777416, "routes": ["07"]}, "3168066486": {"name": "Tr\u1ea1m Xe Bus L\u00fd Ch\u00ednh Th\u1eafng - Hu\u1ef3nh T\u1ecbnh C\u1ee7a", "lat": 10.7900952, "lon": 106.6862268, "routes": []}, "3168095079": {"name": "L\u00fd T\u1ef1 Tr\u1ecdng", "lat": 10.777076, "lon": 106.699669, "routes": ["109", "04", "18", "31", "36", "52", "93", "152"]}, "3168095080": {"name": "L\u00ea Du\u1ea9n", "lat": 10.7782907, "lon": 106.6983598, "routes": ["109", "04", "18", "31", "36", "52", "93", "152"]}, "3168095081": {"name": "Nguy\u1ec5n Th\u1ecb Minh Khai", "lat": 10.7798086, "lon": 106.6967169, "routes": ["109", "04", "31", "93", "152"]}, "3168095082": {"name": "\u0110\u1ea1i H\u1ecdc Ki\u1ebfn tr\u00fac TP.HCM", "lat": 10.7816448, "lon": 106.6947138, "routes": ["109", "04", "93", "152"]}, "3168095083": {"name": "\u0110i\u1ec7n Bi\u00ean Ph\u1ee7", "lat": 10.7834477, "lon": 106.6927287, "routes": ["109", "04", "93", "152"]}, "3168120093": {"name": "\u0110i\u1ec7n Bi\u00ean Ph\u1ee7", "lat": 10.783203, "lon": 106.6909482, "routes": ["04", "109", "152"]}, "3168120094": {"name": "Coop Mart Nguy\u1ec5n \u0110\u00ecnh Chi\u1ec3u", "lat": 10.7812374, "lon": 106.6931136, "routes": ["04", "31", "93", "109", "152"]}, "3168120097": {"name": "Ch\u00f9a \u00d4ng", "lat": 10.7740107, "lon": 106.6997984, "routes": ["04", "18", "31", "36", "44", "52", "93", "109", "152"]}, "3168349824": {"name": "UBND Ph\u01b0\u1eddng 11", "lat": 10.7678944, "lon": 106.6503686, "routes": ["69"]}, "3168357168": {"name": "Tr\u01b0\u1eddng H\u00f2a B\u00ecnh", "lat": 10.7684025, "lon": 106.6391689, "routes": ["15", "23", "62", "64", "69"]}, "3168357170": {"name": "Tr\u01b0\u1eddng Ho\u00e0ng Di\u1ec7u", "lat": 10.7694974, "lon": 106.6339734, "routes": ["15", "62", "64", "69"]}, "3168358147": {"name": "Trung t\u00e2m mua s\u1eafm - 165 H\u00f2a B\u00ecnh", "lat": 10.771257, "lon": 106.6287413, "routes": ["15", "32"]}, "3168358148": {"name": "\u0110\u1ea7u T\u00f4 Hi\u1ec7u", "lat": 10.7730431, "lon": 106.6274261, "routes": ["32"]}, "3168358150": {"name": "Cu\u1ed1i T\u00f4 Hi\u1ec7u", "lat": 10.7755079, "lon": 106.6282662, "routes": ["32"]}, "3168358151": {"name": "Tr\u1ea1m Xe Bus Nguy\u1ec5n L\u00fd - Tho\u1ea1i Ng\u1ecdc H\u1ea7u", "lat": 10.7775068, "lon": 106.6277592, "routes": []}, "3168362862": {"name": "L\u00ea Cao L\u00e3ng", "lat": 10.7785766, "lon": 106.6277435, "routes": ["32"]}, "3168362863": {"name": "Tr\u1ea7n Th\u1ee7 \u0110\u1ed9", "lat": 10.7817523, "lon": 106.6287435, "routes": ["32"]}, "3168362864": {"name": "Tr\u1ea1m Xe Bus Ch\u1ee3 T\u00e2n Ph\u00fa", "lat": 10.7823172, "lon": 106.6281672, "routes": []}, "3168362865": {"name": "Ph\u1ea1m V\u0103n X\u1ea3o", "lat": 10.7835441, "lon": 106.6241233, "routes": ["32"]}, "3168362866": {"name": "C\u01b0 x\u00e1 Nhi\u00eau L\u1ed9c", "lat": 10.7876238, "lon": 106.6220986, "routes": ["30", "30"]}, "3168362867": {"name": "Tr\u1ea1m Xe Bus Ng\u00e3 3 Ph\u00fa Th\u1ecd H\u00f2a - \u0110\u1ed7 \u0110\u1ee9c D\u1ee5c", "lat": 10.7849501, "lon": 106.6261308, "routes": []}, "3168366712": {"name": "Tr\u1ea1m Xe Bus Ph\u00fa Th\u1ecd H\u00f2a - L\u00ea V\u0103n Phan", "lat": 10.7839685, "lon": 106.6319412, "routes": []}, "3168901215": {"name": "Tr\u1ea1m Xe Bus Nguy\u1ec5n Th\u00f4ng", "lat": 10.7792426, "lon": 106.6820441, "routes": []}, "3168901216": {"name": "Tr\u1ea7n Qu\u1ed1c Th\u1ea3o", "lat": 10.7838133, "lon": 106.6827193, "routes": ["07"]}, "3168904961": {"name": "L\u00ea V\u0103n S\u1ef9", "lat": 10.7885148, "lon": 106.6781779, "routes": ["07"]}, "3168924675": {"name": "Nh\u00e0 Th\u1edd Ph\u00fa Nhu\u1eadn", "lat": 10.7986324, "lon": 106.677556, "routes": ["07"]}, "3169680595": {"name": "Tr\u01b0\u1eddng THPT Nguy\u1ec5n Du", "lat": 10.7784986, "lon": 106.66228, "routes": ["103"]}, "3169680596": {"name": "Ng\u00e3 t\u01b0 Nguy\u1ec5n Gi\u1ea3n Thanh", "lat": 10.7826422, "lon": 106.6648735, "routes": ["103"]}, "3169680597": {"name": "Ng\u00e3 t\u01b0 \u0110\u1ed3ng Nai", "lat": 10.7811147, "lon": 106.6617399, "routes": ["103"]}, "3171982841": {"name": "Ng\u00e3 t\u01b0 4 X\u00e3", "lat": 10.7732494, "lon": 106.6230975, "routes": ["15"]}, "3171982842": {"name": "Tr\u1ea1m Xe Bus B\u00ecnh Long - Ng\u00e3 4 B\u1ed1n X\u00e3", "lat": 10.7762789, "lon": 106.6214527, "routes": []}, "3171982843": {"name": "B\u00ecnh Long", "lat": 10.7883388, "lon": 106.6188906, "routes": ["30"]}, "3174481700": {"name": "C\u1eeda h\u00e0ng \u0110i\u1ec7n tho\u1ea1i DI \u0111\u1ed9ng - 482 H\u01b0\u01a1ng l\u1ed9 2", "lat": 10.7719561, "lon": 106.6177679, "routes": ["15"]}, "3174481701": {"name": "589 H\u01b0\u01a1ng L\u1ed9 2", "lat": 10.7703349, "lon": 106.6147497, "routes": ["15"]}, "3178332764": {"name": "Tr\u1ea1m ch\u00f9a - 249 Khu\u00f4ng Vi\u1ec7t", "lat": 10.7729072, "lon": 106.6376121, "routes": ["23"]}, "3178335371": {"name": "Tr\u1ea1m Xe Bus Nguy\u1ec5n H\u1ed3ng \u0110\u00e0o - B\u00e0u C\u00e1t", "lat": 10.7924207, "lon": 106.6418252, "routes": []}, "3178335372": {"name": "B\u00e0u C\u00e1t 2", "lat": 10.793929, "lon": 106.6424175, "routes": ["23"]}, "3178456807": {"name": "UBND Qu\u1eadn 3", "lat": 10.7834111, "lon": 106.6861308, "routes": ["28"]}, "3178456808": {"name": "Ch\u1ee3 Nguy\u1ec5n V\u0103n Tr\u1ed7i", "lat": 10.7870574, "lon": 106.6794812, "routes": ["07", "28"]}, "3178456809": {"name": "Ch\u1ee3 Nguy\u1ec5n V\u0103n Tr\u1ed7i", "lat": 10.786952, "lon": 106.6792902, "routes": ["07", "28"]}, "3178456810": {"name": "Nh\u00e0 Th\u1edd Ba Chu\u00f4ng", "lat": 10.7932667, "lon": 106.6697283, "routes": ["28"]}, "3178456811": {"name": "Ng\u00e3 t\u01b0 Ph\u1ea1m V\u0103n Hai", "lat": 10.7963501, "lon": 106.6655338, "routes": ["28"]}, "3178465561": {"name": "\u0110i\u1ec7n Bi\u00ean Ph\u1ee7", "lat": 10.7809904, "lon": 106.6886209, "routes": ["28"]}, "3178465562": {"name": "Nguy\u1ec5n \u0110\u00ecnh Chi\u1ec3u", "lat": 10.7794239, "lon": 106.6903676, "routes": ["28"]}, "3180431411": {"name": "Tr\u1ea1m Xe Bus T\u00f4 Hi\u1ec7u - H\u00f2a B\u00ecnh", "lat": 10.7709337, "lon": 106.6269976, "routes": []}, "3180486881": {"name": "Unknown", "lat": 10.7698578, "lon": 106.6884579, "routes": []}, "3180486883": {"name": "Nguy\u1ec5n V\u0103n Th\u1ee7", "lat": 10.7912552, "lon": 106.7005492, "routes": ["45", "93", "150"]}, "3180486884": {"name": "Tr\u1ea1m Xe Bus Ho\u00e0ng Sa", "lat": 10.7923606, "lon": 106.7033984, "routes": []}, "3182335400": {"name": "Si\u00eau th\u1ecb - \u0110\u1ed1i di\u1ec7n 42 L\u00ea V\u0103n Qu\u1edbi", "lat": 10.7742791, "lon": 106.619246, "routes": ["41"]}, "3182335401": {"name": "Ch\u1ee3 L\u00ea V\u0103n Qu\u1edbi", "lat": 10.7761635, "lon": 106.6093969, "routes": ["41"]}, "3186191726": {"name": "Tr\u01b0\u1eddng Ti\u1ec3u h\u1ecdc Tr\u1ea7n Qu\u1ed1c To\u1ea3n", "lat": 10.7925829, "lon": 106.644239, "routes": ["64"]}, "3186191727": {"name": "Tr\u1ea1m Xe Bus \u0110\u1ed3ng \u0110en - H\u1ed3ng L\u1ea1c", "lat": 10.7871777, "lon": 106.6433017, "routes": []}, "3186191728": {"name": "Tr\u1ea1m Xe Bus K\u00eanh T\u00e2n H\u00f3a - \u00c2u C\u01a1", "lat": 10.7839941, "lon": 106.6406333, "routes": []}, "3186191729": {"name": "Tr\u1ea1m Xe Bus K\u00eanh T\u00e2n H\u00f3a - Tr\u1ecbnh \u0110\u00ecnh Tr\u1ecdng", "lat": 10.7765355, "lon": 106.6387011, "routes": []}, "3186191730": {"name": "Tr\u1ea1m Xe Bus K\u00eanh T\u00e2n H\u00f3a - Tr\u1ecbnh \u0110\u00ecnh Th\u1ea3o", "lat": 10.7737461, "lon": 106.6363516, "routes": []}, "3334248657": {"name": "\u0110\u1ea1i H\u1ecdc Khoa H\u1ecdc X\u00e3 H\u1ed9i Nh\u00e2n V\u0103n", "lat": 10.7857614, "lon": 106.7025976, "routes": ["18", "19"]}, "3334248658": {"name": "Tr\u1ea1m Xe Bus \u0110\u1ea1i H\u1ecdc Khoa H\u1ecdc X\u00e3 H\u1ed9i Nh\u00e2n V\u0103n", "lat": 10.7857132, "lon": 106.7024048, "routes": []}, "3334343861": {"name": "T\u00f4n Th\u1ea5t T\u00f9ng", "lat": 10.768731, "lon": 106.6903772, "routes": ["03", "04", "13", "18", "19", "20", "34", "36", "39", "52", "53", "69", "72", "75", "88", "93", "102", "109", "140", "D4"]}, "3335337340": {"name": "Tr\u1ea1m Xe Bus C\u00f4ng Tr\u01b0\u1eddng M\u00ea Linh", "lat": 10.776917, "lon": 106.7058354, "routes": ["01", "01"]}, "3339195229": {"name": "B\u1ec7nh Vi\u1ec7n Nhi \u0110\u1ed3ng - S\u01b0 V\u1ea1n H\u1ea1nh - BV 115", "lat": 10.7695408, "lon": 106.6706962, "routes": ["07"]}, "3339195232": {"name": "C\u00f4ng tr\u01b0\u1eddng M\u00ea Linh", "lat": 10.7760722, "lon": 106.7056997, "routes": ["01", "03", "19", "45"]}, "3339195237": {"name": "Nh\u00e0 Th\u1edd Vinh S\u01a1n", "lat": 10.7703472, "lon": 106.6722768, "routes": ["07"]}, "3339195238": {"name": "Tr\u1ea1m Xe Bus R\u1ea1p \u0110\u1ea1i \u0110\u1ed3ng", "lat": 10.7718459, "lon": 106.6798637, "routes": []}, "3372672461": {"name": "B\u1ea3o t\u00e0ng Mi\u1ec1n \u0110\u00f4ng", "lat": 10.8002354, "lon": 106.6663437, "routes": ["60-7", "04", "08", "63-1", "63-1", "64", "104", "109", "152"]}, "4555507095": {"name": "Unknown", "lat": 10.7791928, "lon": 106.6854988, "routes": []}, "4582296806": {"name": "T\u00e2n Khai", "lat": 10.7685827, "lon": 106.6145383, "routes": ["16"]}, "4582793330": {"name": "C\u1ea7u Kinh m\u1edbi", "lat": 10.7919776, "lon": 106.6059699, "routes": ["16"]}, "4582793331": {"name": "UBND Ph\u01b0\u1eddng B\u00ecnh H\u01b0ng H\u00f2a A", "lat": 10.7944256, "lon": 106.6100563, "routes": ["16"]}, "4582793332": {"name": "Tr\u1ea1m B\u00ecnh Long", "lat": 10.7968454, "lon": 106.6141172, "routes": ["16", "69"]}, "4582793333": {"name": "Si\u00eau th\u1ecb AEON Mall", "lat": 10.8011935, "lon": 106.6189055, "routes": ["16"]}, "4587199108": {"name": "T\u00f4 Hi\u1ec7u", "lat": 10.7721879, "lon": 106.6259017, "routes": ["15"]}, "4616360490": {"name": "T\u00f4n Th\u1ea5t T\u00f9ng", "lat": 10.7676758, "lon": 106.6908667, "routes": ["109", "03", "04", "13", "18", "19", "20", "28", "34", "36", "39", "46", "52", "65", "69", "72", "75", "88", "93", "102", "140", "D4"]}, "4623535593": {"name": "Unknown", "lat": 10.777531, "lon": 106.6429923, "routes": []}, "4646788531": {"name": "Si\u00eau th\u1ecb Maximark", "lat": 10.7771117, "lon": 106.6807764, "routes": ["07", "10", "91"]}, "4766351183": {"name": "B\u1ec7nh vi\u00ean Trung V\u01b0\u01a1ng", "lat": 10.7713909, "lon": 106.6591919, "routes": ["38", "50", "59", "69", "103"]}, "4793262624": {"name": "Nh\u00e0 h\u00e1t Qu\u00e2n \u0111\u1ed9i", "lat": 10.8012171, "lon": 106.6567933, "routes": ["60-7", "04", "28", "63-1", "104", "145"]}, "4855836437": {"name": "Tr\u1ea1m Xe Bus Cityview Shuttle", "lat": 10.7744984, "lon": 106.7047024, "routes": []}, "4875814763": {"name": "B\u1ec7nh vi\u1ec7n Th\u1ed1ng Nh\u1ea5t", "lat": 10.7923541, "lon": 106.654221, "routes": ["13", "30", "65", "103"]}, "4877811751": {"name": "Ch\u00f9a B\u1eedu \u0110\u00e0", "lat": 10.7809558, "lon": 106.6756399, "routes": ["13", "30", "65"]}, "4877811752": {"name": "Ng\u00e3 ba Ch\u00ed H\u00f2a", "lat": 10.7806715, "lon": 106.6763913, "routes": ["13", "30", "65"]}, "4922024821": {"name": "B\u1ebfn Xe Hu\u1ec7 Ngh\u0129a", "lat": 10.7706093, "lon": 106.6434347, "routes": []}, "4926889822": {"name": "\u00c2u C\u01a1", "lat": 10.7738784, "lon": 106.6474944, "routes": ["38", "145", "148"]}, "4989081989": {"name": "UBND Qu\u1eadn B\u00ecnh Th\u1ea1nh", "lat": 10.8028571, "lon": 106.6956903, "routes": ["60-7", "08", "18", "31", "36", "55", "91", "104"]}, "4989081996": {"name": "L\u0103ng \u00d4ng B\u00e0 Chi\u1ec3u", "lat": 10.8024452, "lon": 106.6971084, "routes": ["60-7", "08", "55", "104"]}, "5137481121": {"name": "Tr\u1ea1m Xe Bus H\u01b0ng Ph\u00fa Th\u1ecbnh", "lat": 10.7749705, "lon": 106.6735169, "routes": []}, "5192476721": {"name": "S\u1edf T\u00e0i nguy\u00ean v\u00e0 M\u00f4i tr\u01b0\u1eddng", "lat": 10.7771741, "lon": 106.7003573, "routes": ["44"]}, "5199014721": {"name": "C\u1ea7u \u0110i\u1ec7n Bi\u00ean Ph\u1ee7", "lat": 10.795104, "lon": 106.7016883, "routes": ["10", "45", "72-1", "93", "150"]}, "5199015021": {"name": "L\u0103ng \u00d4ng B\u00e0 Chi\u1ec3u", "lat": 10.801771, "lon": 106.6964093, "routes": ["18", "31", "36", "91"]}, "5242148773": {"name": "\u0110\u1ea1i H\u1ecdc B\u00e1ch Khoa", "lat": 10.772539, "lon": 106.6576534, "routes": ["08", "50", "59", "63-1", "94"]}, "5271528922": {"name": "CoopMart Ph\u00fa Th\u1ecd", "lat": 10.7710492, "lon": 106.653299, "routes": ["38", "69"]}, "5271926521": {"name": "xe\u0110\u1ea1iD\u01b0\u01a1ng", "lat": 10.771155, "lon": 106.6543043, "routes": []}, "5416310315": {"name": "B\u1ebfn B\u1ea1ch \u0110\u1eb1ng", "lat": 10.774068, "lon": 106.7066444, "routes": ["01", "03", "19", "45", "53", "56", "88"]}, "5423964121": {"name": "K\u00fd T\u00fac X\u00e1 Tr\u1ea7n H\u01b0ng \u0110\u1ea1o", "lat": 10.7674317, "lon": 106.6947718, "routes": ["01", "45", "56", "139", "152"]}, "5598917849": {"name": "Unknown", "lat": 10.7689405, "lon": 106.6712031, "routes": []}, "6047997501": {"name": "B\u1ea3o T\u00e0ng M\u1ef9 Thu\u1eadt", "lat": 10.7691968, "lon": 106.6996581, "routes": ["34", "38", "39", "102", "D4"]}, "6047997502": {"name": "T\u00f2a Nh\u00e0 Bitexco", "lat": 10.7706801, "lon": 106.704864, "routes": ["20", "75"]}, "6128564185": {"name": "L\u00ea Th\u00e1nh T\u00f4n", "lat": 10.7750733, "lon": 106.7007175, "routes": ["109", "04", "18", "31", "36", "52", "93", "152"]}, "6128564186": {"name": "Ng\u00e3 t\u01b0 Tr\u1ea7n Huy Li\u1ec7u", "lat": 10.793561, "lon": 106.6791929, "routes": ["109", "04", "152"]}, "6305206485": {"name": "Ch\u1ee3 Tr\u1ea7n V\u0103n Quang", "lat": 10.7783636, "lon": 106.6453401, "routes": ["27"]}, "6315351594": {"name": "Th\u01b0 vi\u1ec7n Khoa h\u1ecdc T\u1ed5ng h\u1ee3p", "lat": 10.7755096, "lon": 106.6988245, "routes": ["44"]}, "6315351599": {"name": "Nguy\u1ec5n Kim", "lat": 10.7683789, "lon": 106.6957937, "routes": ["01", "31", "38", "45", "53", "56", "75", "88", "102", "152"]}, "6315672385": {"name": "Nguy\u1ec5n Th\u1ecb Ngh\u0129a", "lat": 10.768802, "lon": 106.693696, "routes": ["109", "03", "04", "13", "18", "19", "20", "28", "34", "36", "39", "46", "52", "65", "69", "72", "93", "102", "140", "D4"]}, "6315672832": {"name": "Giao l\u1ed9 H\u00e0m Nghi - T\u00f4n Th\u1ea5t \u0110\u1ea1m", "lat": 10.7707776, "lon": 106.7030582, "routes": ["03", "19"]}, "6315672852": {"name": "Tr\u1ea7n H\u01b0ng \u0110\u1ea1o", "lat": 10.7685405, "lon": 106.695205, "routes": ["28", "46", "69", "72", "140"]}, "6315672868": {"name": "Nh\u00e0 th\u1edd \u0110\u1ed3ng Ti\u1ebfn", "lat": 10.7698612, "lon": 106.666257, "routes": ["38", "59", "69"]}, "6315672917": {"name": "Qu\u00e1n Ho\u00e0ng Ty", "lat": 10.7754753, "lon": 106.6640616, "routes": ["38", "59", "69"]}, "6315679795": {"name": "V\u00f5 Th\u1ecb S\u00e1u", "lat": 10.784854, "lon": 106.691202, "routes": ["109", "04", "152"]}, "6315680993": {"name": "T\u00fa X\u01b0\u01a1ng", "lat": 10.7820469, "lon": 106.6875127, "routes": ["28"]}, "6315683486": {"name": "Qu\u00e1n Ho\u00e0ng Ty", "lat": 10.775136, "lon": 106.6640643, "routes": ["38", "59", "69"]}, "6315685988": {"name": "UBND Qu\u1eadn 3", "lat": 10.7832247, "lon": 106.6861563, "routes": ["28"]}, "6315690598": {"name": "C\u00f4ng vi\u00ean L\u00ea V\u0103n T\u00e1m", "lat": 10.7874018, "lon": 106.6926157, "routes": ["03", "31", "36"]}, "6319111454": {"name": "Du L\u1ecbch Danh Danh", "lat": 10.7677332, "lon": 106.6912882, "routes": []}, "6319115356": {"name": "Du L\u1ecbch Long Ph\u01b0\u01a1ng", "lat": 10.7675464, "lon": 106.6907955, "routes": []}, "6512288953": {"name": "Ch\u1ee3 d\u00e2n sinh - K\u00fd Con", "lat": 10.76735, "lon": 106.6982744, "routes": ["39", "D4"]}, "6725031193": {"name": "Th\u1ee7y T\u1ea1", "lat": 10.7688207, "lon": 106.6378686, "routes": ["15", "23", "62", "64", "69"]}, "6739140927": {"name": "C\u00f4ng ty Bao b\u00ec nh\u1ef1a T\u00e2n Ti\u1ebfn", "lat": 10.768417, "lon": 106.6318209, "routes": ["32"]}, "6789351748": {"name": "Kh\u00e1ch s\u1ea1n New World", "lat": 10.7709974, "lon": 106.6959714, "routes": ["03", "04", "18", "19", "20", "34", "36", "39", "52", "53", "75", "88", "93", "102", "109", "D4"]}, "6791474052": {"name": "B\u1ec7nh vi\u1ec7n 115", "lat": 10.7726822, "lon": 106.6651641, "routes": ["38", "59", "69"]}, "6795152088": {"name": "Kh\u00e1ch s\u1ea1n New World", "lat": 10.7712473, "lon": 106.6957873, "routes": ["13", "31", "38", "56", "65", "152"]}, "6956317386": {"name": "Tr\u01b0\u1eddng THPT Ernst Th\u00e4lmann", "lat": 10.7695735, "lon": 106.6956974, "routes": ["109", "03", "04", "13", "18", "19", "20", "28", "34", "36", "39", "52", "65", "69", "93", "D4"]}, "7117825386": {"name": "Unknown", "lat": 10.7759747, "lon": 106.7287728, "routes": []}, "7520799016": {"name": "H\u1ed3 T\u00f9ng M\u1eadu", "lat": 10.7707209, "lon": 106.7040322, "routes": ["01", "03", "19", "20", "45", "56", "75", "88"]}, "7520799029": {"name": "C\u1ee5c H\u1ea3i Quan Th\u00e0nh ph\u1ed1", "lat": 10.7706453, "lon": 106.70577, "routes": ["20", "75"]}, "7520799030": {"name": "C\u1ee5c H\u1ea3i Quan Th\u00e0nh ph\u1ed1", "lat": 10.7708759, "lon": 106.7055179, "routes": ["01", "03", "19", "45", "56", "88"]}, "7529106481": {"name": "T\u00f2a \u00e1n Nh\u00e2n d\u00e2n Qu\u1eadn 1", "lat": 10.782509, "lon": 106.7052866, "routes": ["44"]}, "7607626985": {"name": "Tr\u1ea1m \u0111\u0103ng ki\u1ec3m - 432 L\u1ea1c Long Qu\u00e2n", "lat": 10.7704337, "lon": 106.6450604, "routes": ["38", "145", "148"]}, "7739047808": {"name": "\u0110\u1ec1n th\u1edd \u1ea4n Gi\u00e1o", "lat": 10.773505, "lon": 106.7013922, "routes": ["109", "04", "18", "31", "36", "52", "93", "152"]}, "8995301271": {"name": "Ch\u1ee3 H\u00e0ng Xanh", "lat": 10.8027818, "lon": 106.7105476, "routes": ["60-7", "05", "08", "24", "55", "60-3", "67", "91", "104", "146"]}, "8995301276": {"name": "Tr\u01b0\u1eddng Ti\u1ec3u H\u1ecdc H\u1ed3ng H\u00e0", "lat": 10.7973383, "lon": 106.71062, "routes": ["05", "06", "14", "19", "44", "52"]}, "8995301280": {"name": "Nh\u00e0 Th\u1edd Th\u1ecb Ngh\u00e8", "lat": 10.7937049, "lon": 106.7081372, "routes": ["05", "06", "14", "19", "52"]}, "8995301281": {"name": "Th\u1ea3o C\u1ea7m Vi\u00ean", "lat": 10.7905929, "lon": 106.7052576, "routes": ["05", "06", "14", "19", "52"]}, "8995301286": {"name": "\u0110\u00e0i Truy\u1ec1n H\u00ecnh TP.HCM", "lat": 10.7872273, "lon": 106.7021055, "routes": ["05", "06", "14", "45", "52"]}, "8995419780": {"name": "\u0110inh Ti\u00ean Ho\u00e0ng", "lat": 10.7862677, "lon": 106.7014207, "routes": ["05", "06", "14", "45", "52"]}, "8995419783": {"name": "Ph\u00f9ng Kh\u1eafc Khoan", "lat": 10.7839711, "lon": 106.6986809, "routes": ["05", "06", "14", "52"]}, "8995419784": {"name": "Tr\u1ea1m Xe Bus H\u1ed3 Con R\u00f9a", "lat": 10.7832195, "lon": 106.6963962, "routes": ["05", "06", "14", "52"]}, "8995419786": {"name": "S\u00e2n Phan \u0110\u00ecnh Ph\u00f9ng", "lat": 10.7812378, "lon": 106.6945421, "routes": ["05", "06", "14"]}, "8995419789": {"name": "B\u1ea3o T\u00e0ng Ch\u1ee9ng T\u00edch Chi\u1ebfn Tranh", "lat": 10.7790915, "lon": 106.6925541, "routes": ["05", "06", "14"]}, "8995419790": {"name": "Tr\u1ea7n Qu\u1ed1c Th\u1ea3o", "lat": 10.7779278, "lon": 106.6914077, "routes": ["05", "06", "14"]}, "8995419792": {"name": "\u0110\u1ea1i H\u1ecdc M\u1edf TP.HCM", "lat": 10.7765055, "lon": 106.6900924, "routes": ["05", "06", "14"]}, "8995419799": {"name": "C\u00e1ch m\u1ea1ng Th\u00e1ng 8", "lat": 10.7734306, "lon": 106.6890602, "routes": ["05", "06", "14", "38"]}, "8995419800": {"name": "T\u00f4n Th\u1ea5t T\u00f9ng", "lat": 10.7708534, "lon": 106.6867042, "routes": ["05", "06", "14", "38"]}, "8995419804": {"name": "B\u1ec7nh vi\u1ec7n T\u1eeb D\u0169", "lat": 10.7689054, "lon": 106.6848383, "routes": ["05", "06", "14", "38"]}, "8995806226": {"name": "B\u1ec7nh Vi\u1ec7n T\u1eeb D\u0169", "lat": 10.7687115, "lon": 106.684986, "routes": ["05", "06", "14", "38", "69"]}, "8995806227": {"name": "T\u00f4n Th\u1ea5t T\u00f9ng", "lat": 10.7718402, "lon": 106.6879277, "routes": ["05", "06", "14", "38", "69"]}, "8995806228": {"name": "S\u1edf Y T\u1ebf", "lat": 10.7741294, "lon": 106.6900059, "routes": ["05", "06", "14", "28"]}, "8995806230": {"name": "Nh\u00e0 V\u0103n H\u00f3a Lao \u0110\u1ed9ng", "lat": 10.7770334, "lon": 106.6927845, "routes": ["05", "06", "14", "28"]}, "8995806231": {"name": "Pasteur", "lat": 10.7810063, "lon": 106.6963991, "routes": ["05", "06", "14", "31"]}, "8995806236": {"name": "M\u1ea1c \u0110\u1ec9nh Chi", "lat": 10.7841809, "lon": 106.6994719, "routes": ["05", "06", "14", "45", "52"]}, "8995806238": {"name": "Nh\u00e0 th\u1edd M\u1ea1c Ti Nho", "lat": 10.7863396, "lon": 106.7012507, "routes": ["05", "06", "14", "45", "52"]}, "8995806239": {"name": "Th\u1ea3o C\u1ea7m Vi\u00ean", "lat": 10.7896064, "lon": 106.7045903, "routes": ["05", "06", "14", "19", "52"]}, "8995806240": {"name": "C\u1ea7u Th\u1ecb Ngh\u00e8", "lat": 10.7907001, "lon": 106.7056329, "routes": ["05", "06", "14", "19", "52"]}, "8995806241": {"name": "Nh\u00e0 Th\u1edd Th\u1ecb Ngh\u00e8", "lat": 10.7934888, "lon": 106.7082002, "routes": ["05", "06", "14", "19", "52"]}, "8995806242": {"name": "Trung t\u00e2m D\u01b0\u1ee1ng L\u00e3o", "lat": 10.7965675, "lon": 106.7105532, "routes": ["05", "06", "14", "19", "44", "52"]}, "8995806243": {"name": "Tr\u01b0\u1eddng THPT Gia \u0110\u1ecbnh", "lat": 10.7989338, "lon": 106.7111815, "routes": ["05", "06", "14", "19", "44", "52"]}, "9052897241": {"name": "Ng\u00e3 Ba Nguy\u1ec5n C\u1eedu V\u00e2n", "lat": 10.7950076, "lon": 106.709413, "routes": ["05", "06", "14", "19", "52"]}, "9206593010": {"name": "Tr\u01b0\u1eddng THPT Gia \u0110\u1ecbnh", "lat": 10.7997458, "lon": 106.7110735, "routes": ["05", "06", "14", "19", "44", "52"]}, "9402954175": {"name": "Tr\u1ea1m trung chuy\u1ec3n H\u00e0m Nghi", "lat": 10.770873, "lon": 106.7009383, "routes": ["20", "102"]}, "9402954176": {"name": "Tr\u1ea1m trung chuy\u1ec3n H\u00e0m Nghi", "lat": 10.7709257, "lon": 106.7008574, "routes": ["01", "03", "04", "19", "56", "88"]}, "9402954180": {"name": "Tr\u1ea1m trung chuy\u1ec3n H\u00e0m Nghi", "lat": 10.7708875, "lon": 106.7006065, "routes": ["38"]}, "9402954181": {"name": "Tr\u1ea1m trung chuy\u1ec3n H\u00e0m Nghi", "lat": 10.7708789, "lon": 106.7007985, "routes": ["34", "39"]}, "9402954182": {"name": "Tr\u1ea1m trung chuy\u1ec3n H\u00e0m Nghi", "lat": 10.7709943, "lon": 106.7005183, "routes": ["109", "52", "93", "152"]}, "9402954183": {"name": "Tr\u1ea1m trung chuy\u1ec3n H\u00e0m Nghi", "lat": 10.7709777, "lon": 106.7008529, "routes": ["18", "31", "36", "44", "65"]}, "9402954185": {"name": "Tr\u1ea1m trung chuy\u1ec3n H\u00e0m Nghi", "lat": 10.7710347, "lon": 106.6999115, "routes": ["34", "38", "39", "45", "75"]}, "9402954187": {"name": "Tr\u1ea1m trung chuy\u1ec3n H\u00e0m Nghi", "lat": 10.771049, "lon": 106.6994948, "routes": ["01", "44", "65", "102"]}, "9402954188": {"name": "Tr\u1ea1m trung chuy\u1ec3n H\u00e0m Nghi", "lat": 10.7711574, "lon": 106.6994198, "routes": ["04", "18", "20"]}, "9402954189": {"name": "Tr\u1ea1m trung chuy\u1ec3n H\u00e0m Nghi", "lat": 10.7711007, "lon": 106.6994943, "routes": ["03", "19", "56", "88"]}, "9402954190": {"name": "Tr\u1ea1m trung chuy\u1ec3n H\u00e0m Nghi", "lat": 10.7710925, "lon": 106.6999191, "routes": ["03", "53", "D4"]}, "9403108739": {"name": "Tr\u1ea7n Qu\u1ed1c To\u1ea3n", "lat": 10.7869475, "lon": 106.6871356, "routes": ["109", "04", "152"]}, "9404173938": {"name": "C\u00e2y x\u0103ng Qu\u00e2n khu 7", "lat": 10.7993448, "lon": 106.6693803, "routes": ["109", "04", "07", "152"]}, "9468454790": {"name": "Tr\u1ea1m Xe Bus Ch\u1ee3 C\u0169", "lat": 10.7709914, "lon": 106.7030831, "routes": ["01", "03", "19", "45", "56", "88"]}, "9468454791": {"name": "Tr\u01b0\u1eddng C\u0110 K\u1ef9 Thu\u1eadt Cao Th\u1eafng", "lat": 10.7710509, "lon": 106.7018453, "routes": ["01", "03", "19", "20", "34", "38", "39", "45", "56", "75", "88", "102", "D4"]}, "9470667890": {"name": "Nam K\u1ef3 Kh\u1edfi Ngh\u0129a", "lat": 10.7708664, "lon": 106.7014507, "routes": ["01", "03", "04", "19", "88"]}, "9470667891": {"name": "Ch\u1ee3 C\u0169", "lat": 10.7708361, "lon": 106.7019523, "routes": ["01", "03", "04", "18", "19", "31", "36", "45", "52", "56", "75", "88", "93", "152"]}, "9480981742": {"name": "\u0110\u1ea1i H\u1ecdc Lu\u1eadt", "lat": 10.7672408, "lon": 106.7060766, "routes": ["20", "75"]}, "9585048355": {"name": "\u0110\u1ea1i h\u1ecdc HUTECH", "lat": 10.8008198, "lon": 106.7142594, "routes": ["60-7", "06", "10", "43", "52", "55", "60-3", "67", "72-1", "104", "150"]}, "9751137180": {"name": "Nh\u00e0 thi \u0111\u1ea5u Ph\u00fa Th\u1ecd", "lat": 10.7674497, "lon": 106.6590935, "routes": ["08", "63-1", "94", "103"]}, "10262053478": {"name": "Tr\u01b0\u1eddng THPT L\u00ea Qu\u00fd \u0110\u00f4n", "lat": 10.7798691, "lon": 106.694576, "routes": ["04", "31", "93", "109", "152"]}, "11336046739": {"name": "Unknown", "lat": 10.7812981, "lon": 106.718786, "routes": []}, "11336095473": {"name": "Unknown", "lat": 10.7811182, "lon": 106.7189526, "routes": []}, "11363404641": {"name": "Khu du l\u1ecbch V\u0103n Th\u00e1nh", "lat": 10.7995636, "lon": 106.7174018, "routes": ["60-7", "06", "10", "43", "52", "55", "60-3", "67", "104", "150"]}, "11363404642": {"name": "C\u1ea7u S\u00e0i G\u00f2n", "lat": 10.7984733, "lon": 106.719429, "routes": ["60-7", "06", "10", "43", "52", "55", "60-3", "67", "104", "150"]}, "11430345650": {"name": "Kumho Samco Buslines", "lat": 10.7678614, "lon": 106.6916462, "routes": []}, "11430469505": {"name": "Hahn Caf\u00e9", "lat": 10.7680298, "lon": 106.6921517, "routes": []}, "11460482030": {"name": "UBND Qu\u1eadn T\u00e2n Ph\u00fa", "lat": 10.7855579, "lon": 106.6365124, "routes": ["69"]}, "11468863429": {"name": "Ng\u00e3 t\u01b0 B\u1ea3y Hi\u1ec1n", "lat": 10.7938369, "lon": 106.6514195, "routes": ["13", "30", "64", "65", "94"]}, "11468863430": {"name": "Ng\u00e3 t\u01b0 B\u1ea3y Hi\u1ec1n", "lat": 10.7941229, "lon": 106.6512159, "routes": ["13", "30", "64", "65", "94"]}, "11625809673": {"name": "Nguy\u1ec5n \u0110\u00ecnh Chi\u1ec3u", "lat": 10.7808225, "lon": 106.6914392, "routes": ["28"]}, "11625810073": {"name": "CoopMart Nguy\u1ec5n \u0110\u00ecnh Chi\u1ec3u", "lat": 10.7807579, "lon": 106.6921965, "routes": ["150"]}, "11625828069": {"name": "Khu du l\u1ecbch V\u0103n Th\u00e1nh", "lat": 10.800262, "lon": 106.7172175, "routes": ["60-7", "06", "10", "43", "44", "52", "55", "60-3", "67", "104", "150"]}, "11625833369": {"name": "Ng\u00e3 s\u00e1u Ph\u00f9 \u0110\u1ed5ng", "lat": 10.7708507, "lon": 106.6938218, "routes": ["28", "46", "69"]}, "11625833669": {"name": "Nguy\u1ec5n Th\u1ecb Ngh\u0129a", "lat": 10.7708393, "lon": 106.6936333, "routes": ["13", "31", "38", "56", "69", "152"]}, "11627173669": {"name": "C\u00f4ng vi\u00ean C\u1ea7u S\u00e0i G\u00f2n", "lat": 10.7989201, "lon": 106.7227737, "routes": ["30", "56"]}, "11628663569": {"name": "Nguy\u1ec5n Tr\u00e3i", "lat": 10.7710326, "lon": 106.6927759, "routes": ["28", "46", "65"]}, "11628674869": {"name": "Tr\u01b0\u1eddng THCS L\u00ea Qu\u00fd \u0110\u00f4n", "lat": 10.7788668, "lon": 106.69357, "routes": ["28"]}, "11629642669": {"name": "Kh\u00e1ch s\u1ea1n Golden", "lat": 10.7733059, "lon": 106.6962241, "routes": ["44"]}, "11753277684": {"name": "Tr\u01b0\u1eddng THPT Ernst Thalmann", "lat": 10.7687785, "lon": 106.6959617, "routes": ["01", "28", "45", "69", "139"]}, "11753277695": {"name": "Tr\u1ea1m trung chuy\u1ec3n H\u00e0m Nghi", "lat": 10.7709376, "lon": 106.700515, "routes": ["03", "45", "53"]}, "11753277698": {"name": "B\u01b0u \u0111i\u1ec7n Th\u00e0nh ph\u1ed1", "lat": 10.7806054, "lon": 106.7006741, "routes": ["03", "19", "45"]}, "11753277699": {"name": "S\u1edf C\u00f4ng Th\u01b0\u01a1ng", "lat": 10.784299, "lon": 106.6964768, "routes": ["03", "31"]}, "11753277701": {"name": "Ch\u1ee3 T\u00e2n \u0110\u1ecbnh", "lat": 10.7904513, "lon": 106.6887854, "routes": ["03", "31", "36"]}, "11753277702": {"name": "C\u1ea7u Ki\u1ec7u", "lat": 10.7936117, "lon": 106.6847791, "routes": ["03"]}, "11753277703": {"name": "Ch\u1ee3 Ph\u00fa Nhu\u1eadn", "lat": 10.7950253, "lon": 106.6830314, "routes": ["03"]}, "11753277765": {"name": "Th\u00e1p N\u01b0\u1edbc", "lat": 10.8023965, "lon": 106.6763886, "routes": ["03", "07", "55"]}, "11753277768": {"name": "Tr\u01b0\u1eddng Cao \u0111\u1eb3ng Kinh t\u1ebf \u0110\u1ed1i ngo\u1ea1i", "lat": 10.7984236, "lon": 106.6806005, "routes": ["03"]}, "11753290069": {"name": "Ch\u1ee3 Ph\u00fa Nhu\u1eadn", "lat": 10.7952238, "lon": 106.6826399, "routes": ["03"]}, "11753290070": {"name": "C\u1ea7u Ki\u1ec7u", "lat": 10.7931151, "lon": 106.6852803, "routes": ["03"]}, "11753290072": {"name": "Ch\u1ee3 T\u00e2n \u0110\u1ecbnh", "lat": 10.7890413, "lon": 106.6904556, "routes": ["03", "31", "36"]}, "11753290074": {"name": "Tr\u1ea7n Cao V\u00e2n", "lat": 10.7840612, "lon": 106.6966375, "routes": ["03", "18"]}, "11753290075": {"name": "L\u00ea Du\u1ea9n", "lat": 10.7819798, "lon": 106.6990284, "routes": ["03", "18"]}, "11753290076": {"name": "B\u1ec7nh vi\u1ec7n Nhi \u0111\u1ed3ng 2", "lat": 10.7793394, "lon": 106.7018959, "routes": ["03", "19", "45", "GRP03"]}, "11753290077": {"name": "Nh\u00e0 h\u00e1t Th\u00e0nh ph\u1ed1", "lat": 10.7778905, "lon": 106.7035256, "routes": ["03", "19", "45"]}, "11753290078": {"name": "C\u00f4ng tr\u01b0\u1eddng M\u00ea Linh", "lat": 10.7759881, "lon": 106.7056045, "routes": ["03", "19", "45"]}, "11754611881": {"name": "Ng\u00e3 ba \u00dat T\u1ecbch", "lat": 10.801015, "lon": 106.6566148, "routes": ["60-7", "04", "28", "63-1", "104", "145"]}, "11754611882": {"name": "C\u00f4ng vi\u00ean Ho\u00e0ng V\u0103n Th\u1ee5", "lat": 10.8004725, "lon": 106.6635553, "routes": ["60-7", "04", "08", "50", "59", "63-1", "63-1", "64", "103", "104", "148"]}, "11754611890": {"name": "T\u00f2a \u00e1n Nh\u00e2n d\u00e2n Th\u00e0nh ph\u1ed1", "lat": 10.7759926, "lon": 106.6987823, "routes": ["04", "18", "31", "36", "52", "93", "109", "152"]}, "11754611892": {"name": "Tr\u01b0\u1eddng Cao \u0111\u1eb3ng K\u1ef9 thu\u1eadt Cao Th\u1eafng", "lat": 10.771523, "lon": 106.700882, "routes": ["04", "18", "31", "36", "44", "52", "93", "109", "152"]}, "11754611900": {"name": "Nguy\u1ec5n Th\u1ecb Minh Khai", "lat": 10.7750855, "lon": 106.6902671, "routes": ["05", "06", "14"]}, "11754611901": {"name": "Trung \u01b0\u01a1ng H\u1ed9i ch\u1eef th\u1eadp \u0111\u1ecf TP.HCM", "lat": 10.7676768, "lon": 106.6836448, "routes": ["05", "06", "14", "27", "38", "53"]}, "11755184289": {"name": "C\u1ea7u S\u00e0i G\u00f2n", "lat": 10.7989195, "lon": 106.719624, "routes": ["60-7", "06", "10", "43", "52", "55", "60-3", "67", "104", "150"]}, "11755184290": {"name": "\u0110\u1ea1i h\u1ecdc HUTECH", "lat": 10.8012487, "lon": 106.7148097, "routes": ["60-7", "06", "10", "14", "19", "43", "44", "45", "52", "55", "60-3", "67", "72-1", "104", "150"]}, "11755184291": {"name": "C\u00e2y x\u0103ng d\u1ea7u - 419 \u0110i\u1ec7n Bi\u00ean Ph\u1ee7", "lat": 10.8016703, "lon": 106.7128909, "routes": ["60-7", "06", "10", "14", "19", "43", "44", "45", "52", "55", "67", "104", "150"]}, "11755184306": {"name": "B\u1ec7nh vi\u1ec7n B\u00ecnh D\u00e2n", "lat": 10.7744171, "lon": 106.6788469, "routes": ["07"]}, "11755184307": {"name": "Si\u00eau th\u1ecb Maximark", "lat": 10.7763561, "lon": 106.6805922, "routes": ["07"]}, "11755184308": {"name": "Ga S\u00e0i G\u00f2n", "lat": 10.7822774, "lon": 106.6779983, "routes": ["07", "07"]}, "11755184309": {"name": "Nh\u00e0 th\u1edd D\u00f2ng ch\u00faa C\u1ee9u th\u1ebf", "lat": 10.7808039, "lon": 106.6812997, "routes": ["07"]}, "11755184310": {"name": "Tr\u1ea7n Qu\u1ed1c Th\u1ea3o", "lat": 10.7845221, "lon": 106.6829536, "routes": ["07"]}, "11755184312": {"name": "Tr\u1ea7n Quang Di\u1ec7u", "lat": 10.7883905, "lon": 106.6782619, "routes": ["07"]}, "11755184313": {"name": "B\u1ec7nh vi\u1ec7n An Sinh", "lat": 10.7909745, "lon": 106.6781, "routes": ["07"]}, "11755184314": {"name": "Ng\u00e3 t\u01b0 Nguy\u1ec5n V\u0103n Tr\u1ed7i", "lat": 10.7929912, "lon": 106.6779668, "routes": ["07"]}, "11755184332": {"name": "Ng\u00e3 t\u01b0 Nguy\u1ec5n V\u0103n Tr\u1ed7i", "lat": 10.7927182, "lon": 106.6779248, "routes": ["07"]}, "11755184333": {"name": "B\u1ec7nh vi\u1ec7n An Sinh", "lat": 10.7911711, "lon": 106.6780361, "routes": ["07"]}, "11755184337": {"name": "Nh\u00e0 th\u1edd D\u00f2ng ch\u00faa C\u1ee9u th\u1ebf", "lat": 10.7806708, "lon": 106.6811212, "routes": ["07"]}, "11755184338": {"name": "Nguy\u1ec5n Th\u00f4ng", "lat": 10.7813614, "lon": 106.6795273, "routes": ["07"]}, "11755184339": {"name": "Ga H\u00f2a H\u01b0ng", "lat": 10.7815165, "lon": 106.678431, "routes": ["07"]}, "11755184340": {"name": "R\u1ea1ch B\u00f9ng Binh", "lat": 10.7807253, "lon": 106.678863, "routes": ["07"]}, "11755184341": {"name": "V\u00f2ng xoay D\u00e2n Ch\u1ee7", "lat": 10.778608, "lon": 106.6811087, "routes": ["07"]}, "11755184342": {"name": "B\u1ec7nh vi\u1ec7n B\u00ecnh D\u00e2n", "lat": 10.7747426, "lon": 106.6789973, "routes": ["07", "10", "91"]}, "11755184343": {"name": "H\u1ecdc vi\u1ec7n H\u00e0nh ch\u00ednh Qu\u1ed1c gia", "lat": 10.7734262, "lon": 106.6769201, "routes": ["07", "10", "91"]}, "11755184344": {"name": "H\u1ecdc vi\u1ec7n H\u00e0nh ch\u00ednh Qu\u1ed1c gia", "lat": 10.7726376, "lon": 106.6756596, "routes": ["07", "10", "91"]}, "11755184345": {"name": "Nh\u00e0 th\u1edd Vinh S\u01a1n", "lat": 10.7705822, "lon": 106.6722174, "routes": ["07", "10"]}, "11755184346": {"name": "B\u1ec7nh vi\u1ec7n Nhi \u0110\u1ed3ng - S\u01b0 V\u1ea1n H\u1ea1nh - BV 115", "lat": 10.7696422, "lon": 106.6704658, "routes": ["07", "10"]}, "11755528589": {"name": "Si\u00eau th\u1ecb Nguy\u1ec5n Kim - CMC T\u00e2n B\u00ecnh", "lat": 10.781002, "lon": 106.6552549, "routes": ["08", "50", "59", "63-1", "94"]}, "11755528596": {"name": "Kh\u00e1ch s\u1ea1n T\u00e2n S\u01a1n Nh\u1ea5t", "lat": 10.7998508, "lon": 106.6709416, "routes": ["60-7", "08", "64", "104"]}, "11755528646": {"name": "Ng\u00e3 t\u01b0 Ph\u00fa Nhu\u1eadn", "lat": 10.7993212, "lon": 106.6792136, "routes": ["60-7", "08", "64", "104"]}, "11755528647": {"name": "C\u00f4ng an Ph\u00fa Nhu\u1eadn", "lat": 10.7997896, "lon": 106.6736794, "routes": ["60-7", "08", "64"]}, "11755528649": {"name": "V\u00f2ng xoay L\u0103ng Cha C\u1ea3", "lat": 10.7987447, "lon": 106.6591548, "routes": ["08", "50", "59", "63-1", "64", "103", "145", "148"]}, "11755528650": {"name": "C\u00f4ng an Qu\u1eadn T\u00e2n B\u00ecnh", "lat": 10.7970936, "lon": 106.6574889, "routes": ["08", "50", "59", "63-1", "64", "103", "145", "148"]}, "11755528651": {"name": "Tr\u01b0\u1eddng Ph\u1ea1m Ng\u0169 L\u00e3o", "lat": 10.7959724, "lon": 106.6540259, "routes": ["08", "13", "30", "50", "59", "64", "65", "94", "103", "145", "148"]}, "11755528657": {"name": "Tr\u01b0\u1eddng Nguy\u1ec5n Th\u00e1i B\u00ecnh", "lat": 10.7792841, "lon": 106.6555879, "routes": ["08", "50", "59", "63-1", "94"]}, "11757109507": {"name": "Tr\u1ea7n Qu\u1ed1c Th\u1ea3o", "lat": 10.7822617, "lon": 106.6862956, "routes": ["10", "30", "91"]}, "11757109512": {"name": "Ng\u00e3 b\u1ea3y L\u00fd Th\u00e1i T\u1ed5", "lat": 10.768772, "lon": 106.6752188, "routes": ["10", "91", "150"]}, "11757109514": {"name": "C\u1ea7u \u0110i\u1ec7n Bi\u00ean Ph\u1ee7", "lat": 10.7951078, "lon": 106.702508, "routes": ["10", "45", "93", "150"]}, "11757386615": {"name": "Tr\u1ed1ng \u0110\u1ed3ng", "lat": 10.7730138, "lon": 106.6906711, "routes": ["13", "28", "38", "65", "69"]}, "11757386616": {"name": "B\u1ec7nh vi\u1ec7n M\u1eaft - B\u00ecnh D\u00e2n - Da Li\u1ec5u", "lat": 10.7763589, "lon": 106.6845074, "routes": ["13", "65"]}, "11757386618": {"name": "B\u1ec7nh vi\u1ec7n Th\u1ed1ng Nh\u1ea5t", "lat": 10.7926454, "lon": 106.6539826, "routes": ["13", "30", "65", "103"]}, "11757386650": {"name": "C\u00f4ng vi\u00ean L\u00ea Th\u1ecb Ri\u1ec1ng", "lat": 10.7862125, "lon": 106.6657729, "routes": ["13", "30", "65", "103"]}, "11757386651": {"name": "C\u00f4ng tr\u01b0\u1eddng D\u00e2n Ch\u1ee7", "lat": 10.7782481, "lon": 106.6807163, "routes": ["13", "30", "65"]}, "11757386653": {"name": "Tr\u1ed1ng \u0110\u1ed3ng", "lat": 10.7723938, "lon": 106.6914603, "routes": ["13", "28", "38", "65", "69"]}, "11757446001": {"name": "Tr\u01b0\u1eddng B\u00ecnh Tr\u1ecb", "lat": 10.7682133, "lon": 106.6102608, "routes": ["15"]}, "11757446002": {"name": "H\u1ebbm 497 H\u01b0\u01a1ng l\u1ed9 2", "lat": 10.7717392, "lon": 106.6175117, "routes": ["15"]}, "11757446003": {"name": "Ch\u1ee3 Ng\u00e3 t\u01b0 4 X\u00e3", "lat": 10.7732708, "lon": 106.6205989, "routes": ["15"]}, "11757446004": {"name": "Ng\u00e3 t\u01b0 4 X\u00e3", "lat": 10.7731159, "lon": 106.6229205, "routes": ["15"]}, "11757446005": {"name": "Ng\u00e3 t\u01b0 H\u00f2a B\u00ecnh", "lat": 10.7700443, "lon": 106.63249, "routes": ["15", "62", "64", "69"]}, "11757446010": {"name": "\u0110\u1ea7m Sen", "lat": 10.7692686, "lon": 106.6370296, "routes": ["15", "62", "64", "69"]}, "11757446011": {"name": "Ch\u00f9a Hu\u1ec7 Quang", "lat": 10.7695214, "lon": 106.6345877, "routes": ["15", "62", "64", "69"]}, "11757446012": {"name": "Ng\u00e3 t\u01b0 H\u00f2a B\u00ecnh", "lat": 10.7699977, "lon": 106.6328102, "routes": ["15", "62", "64", "69"]}, "11757446013": {"name": "Trung t\u00e2m mua s\u1eafm - 214 H\u00f2a B\u00ecnh", "lat": 10.7713179, "lon": 106.6289879, "routes": ["15", "32"]}, "11757446014": {"name": "T\u00f4 Hi\u1ec7u", "lat": 10.7722481, "lon": 106.6261365, "routes": ["15"]}, "11757446015": {"name": "Ch\u1ee3 Ng\u00e3 t\u01b0 4 X\u00e3", "lat": 10.7732127, "lon": 106.620291, "routes": ["15"]}, "11757446018": {"name": "Tr\u01b0\u1eddng ti\u1ec3u h\u1ecdc B\u00ecnh Tr\u1ecb 1", "lat": 10.7678515, "lon": 106.6092137, "routes": ["15", "16"]}, "11758359257": {"name": "L\u00ea Th\u00e1i", "lat": 10.7679422, "lon": 106.6134753, "routes": ["16"]}, "11758359266": {"name": "Ngh\u0129a trang B\u00ecnh H\u01b0ng H\u00f2a", "lat": 10.7959411, "lon": 106.6125, "routes": ["16"]}, "11758359268": {"name": "UBND Ph\u01b0\u1eddng S\u01a1n K\u1ef3", "lat": 10.8030103, "lon": 106.6218842, "routes": ["16"]}, "11758401283": {"name": "T\u00e2n Qu\u00fd", "lat": 10.7992085, "lon": 106.6185662, "routes": ["16", "69"]}, "11758401284": {"name": "Tr\u01b0\u1eddng Ti\u1ec3u h\u1ecdc T\u00e2n Qu\u00fd", "lat": 10.7984719, "lon": 106.6165521, "routes": ["16", "69"]}, "11758401285": {"name": "Tr\u1ea1m B\u00ecnh Long", "lat": 10.7973009, "lon": 106.6145381, "routes": ["16", "69"]}, "11758401286": {"name": "L\u00f2 thi\u00eau Ngh\u0129a trang B\u00ecnh H\u01b0ng H\u00f2a", "lat": 10.795982, "lon": 106.6123145, "routes": ["16"]}, "11758401287": {"name": "UBND Ph\u01b0\u1eddng B\u00ecnh H\u01b0ng H\u00f2a A", "lat": 10.7946663, "lon": 106.6101695, "routes": ["16"]}, "11758401288": {"name": "Ph\u00f2ng kh\u00e1m \u0110a khoa - 722 T\u00e2n K\u1ef3 T\u00e2n Qu\u00fd", "lat": 10.7924981, "lon": 106.6066098, "routes": ["16"]}, "11758401298": {"name": "L\u00ea Th\u00e1i", "lat": 10.7678601, "lon": 106.6135338, "routes": ["16"]}, "11758401306": {"name": "Diamond Plaza", "lat": 10.78092, "lon": 106.6991745, "routes": ["18", "30"]}, "11758401307": {"name": "S\u00e2n v\u1eadn \u0111\u1ed9ng Hoa L\u01b0", "lat": 10.7870723, "lon": 106.7011757, "routes": ["18", "45"]}, "11758401308": {"name": "Tr\u01b0\u1eddng Trung c\u1ea5p K\u1ef9 thu\u1eadt N\u00f4ng nghi\u1ec7p TP.HCM", "lat": 10.7892725, "lon": 106.6987568, "routes": ["18", "45"]}, "11758401402": {"name": "B\u1ec7nh vi\u1ec7n B\u00ecnh Th\u1ea1nh", "lat": 10.7975784, "lon": 106.6961525, "routes": ["18", "31", "36", "91"]}, "11758401403": {"name": "C\u1ea7u B\u00f4ng", "lat": 10.7952195, "lon": 106.6960194, "routes": ["18", "31", "36", "91"]}, "11758401405": {"name": "Diamond Plaza", "lat": 10.7807618, "lon": 106.6988192, "routes": ["18", "30"]}, "11760154436": {"name": "B\u1ea3o t\u00e0ng L\u1ecbch s\u1eed Vi\u1ec7t Nam", "lat": 10.7866918, "lon": 106.7043355, "routes": ["19"]}, "11760154437": {"name": "Kh\u00e1ch s\u1ea1n Sofitel", "lat": 10.7844047, "lon": 106.7021898, "routes": ["19", "30"]}, "11761010958": {"name": "Ng\u00e3 ba Khu\u00f4ng Vi\u1ec7t - H\u00f2a B\u00ecnh", "lat": 10.7701869, "lon": 106.6377957, "routes": ["23"]}, "11761010960": {"name": "Tr\u1ea1m c\u1ea7u s\u1ed1 2 - 115 Khu\u00f4ng Vi\u1ec7t", "lat": 10.7764093, "lon": 106.6395763, "routes": ["23"]}, "11761010961": {"name": "L\u00ea Ng\u00e3", "lat": 10.7776831, "lon": 106.6414411, "routes": ["23"]}, "11761010962": {"name": "\u00c2u C\u01a1", "lat": 10.7809252, "lon": 106.6426611, "routes": ["23"]}, "11761010963": {"name": "B\u1ec7nh vi\u1ec7n T\u00e2n Ph\u00fa", "lat": 10.7829954, "lon": 106.6427143, "routes": ["23", "27"]}, "11761010964": {"name": "Ng\u00e3 t\u01b0 Tho\u1ea1i Ng\u1ecdc H\u1ea7u", "lat": 10.7852247, "lon": 106.6419822, "routes": ["23", "27"]}, "11761010965": {"name": "Ch\u1ee3 B\u00e0u C\u00e1t", "lat": 10.7917664, "lon": 106.6416112, "routes": ["23"]}, "11761010966": {"name": "B\u00e0u C\u00e1t 2", "lat": 10.7934674, "lon": 106.6422851, "routes": ["23"]}, "11761010968": {"name": "Ng\u00e3 ba Tr\u01b0\u1eddng Chinh", "lat": 10.7970254, "lon": 106.6434509, "routes": ["23"]}, "11761069769": {"name": "Ng\u00e3 ba \u1ea4p B\u1eafc", "lat": 10.7995857, "lon": 106.6410192, "routes": ["13", "23", "65", "94"]}, "11761069828": {"name": "Ng\u00e3 ba Tr\u01b0\u1eddng Chinh", "lat": 10.7973041, "lon": 106.6434693, "routes": ["23"]}, "11761069830": {"name": "Ch\u1ee3 B\u00e0u C\u00e1t", "lat": 10.7916325, "lon": 106.6414864, "routes": ["23"]}, "11761069831": {"name": "Nguy\u1ec5n H\u1ed3ng \u0110\u00e0o", "lat": 10.7895616, "lon": 106.6403111, "routes": ["23", "27", "62", "64"]}, "11761069832": {"name": "Tr\u1ea1m Ng\u00e3 t\u01b0 Tho\u1ea1i Ng\u1ecdc H\u1ea7u", "lat": 10.7866369, "lon": 106.641308, "routes": ["23", "27", "62", "64"]}, "11761069833": {"name": "B\u1ec7nh vi\u1ec7n T\u00e2n Ph\u00fa", "lat": 10.7836741, "lon": 106.6424214, "routes": ["23", "27"]}, "11761069834": {"name": "\u00c2u C\u01a1", "lat": 10.7811873, "lon": 106.642893, "routes": ["23"]}, "11761069835": {"name": "L\u00ea Ng\u00e3", "lat": 10.7779832, "lon": 106.6414957, "routes": ["23"]}, "11761069836": {"name": "Tr\u1ea1m c\u1ea7u s\u1ed1 2", "lat": 10.776328, "lon": 106.6394526, "routes": ["23"]}, "11761069837": {"name": "Tr\u1ea1m ch\u00f9a - 294 Khu\u00f4ng Vi\u1ec7t", "lat": 10.7726047, "lon": 106.6375669, "routes": ["23"]}, "11761069838": {"name": "Ng\u00e3 ba Khu\u00f4ng Vi\u1ec7t - H\u00f2a B\u00ecnh", "lat": 10.7704414, "lon": 106.637701, "routes": ["23"]}, "11761069839": {"name": "B\u00e3i xe bu\u00fdt \u0110\u1ea7m Sen", "lat": 10.7679671, "lon": 106.6397583, "routes": ["23", "62", "69"]}, "11768041164": {"name": "Nh\u00e0 th\u1edd Huy\u1ec7n S\u1ef9", "lat": 10.767705, "lon": 106.6886561, "routes": ["27", "46", "53"]}, "11768103470": {"name": "Si\u00eau th\u1ecb CoopMart - 2 L\u00ea \u0110\u1ea1i H\u00e0nh", "lat": 10.7684906, "lon": 106.6528492, "routes": ["27"]}, "11768103471": {"name": "Ch\u1ee3 B\u00e0u C\u00e1t", "lat": 10.7902457, "lon": 106.6401775, "routes": ["27", "62", "64"]}, "11768103472": {"name": "Ch\u1ee3 V\u00f5 Th\u00e0nh Trang", "lat": 10.7986799, "lon": 106.6375501, "routes": ["27", "62"]}, "11768103474": {"name": "Ng\u00e3 ba B\u00e0 Qu\u1eb9o", "lat": 10.8007709, "lon": 106.6368772, "routes": ["27", "62"]}, "11768103475": {"name": "Ch\u1ee3 V\u00f5 Th\u00e0nh Trang", "lat": 10.7982572, "lon": 106.6375667, "routes": ["27", "62"]}, "11768103476": {"name": "L\u0169y B\u00e1n B\u00edch", "lat": 10.793934, "lon": 106.6388278, "routes": ["27", "30", "62"]}, "11768103477": {"name": "B\u00f4ng B\u1ea1ch Tuy\u1ebft", "lat": 10.7807223, "lon": 106.6437664, "routes": ["27"]}, "11768103478": {"name": "Nh\u00e0 thi\u1ebfu nhi Qu\u1eadn T\u00e2n B\u00ecnh", "lat": 10.7755367, "lon": 106.6474283, "routes": ["27"]}, "11768103479": {"name": "Tr\u01b0\u1eddng Ph\u1ea1m Ng\u1ecdc Th\u1ea1ch", "lat": 10.773436, "lon": 106.648891, "routes": ["27", "38"]}, "11768103480": {"name": "Ch\u1ee3 T\u00e2n Ph\u01b0\u1edbc", "lat": 10.7709896, "lon": 106.6504493, "routes": ["27", "38"]}, "11768103481": {"name": "B\u00ecnh Th\u1edbi", "lat": 10.7695255, "lon": 106.6515355, "routes": ["27", "38"]}, "11768103486": {"name": "B\u1ec7nh vi\u1ec7n Truy\u1ec1n m\u00e1u Huy\u1ebft h\u1ecdc", "lat": 10.7675866, "lon": 106.6849954, "routes": ["27"]}, "11768103489": {"name": "B\u1ea3o t\u00e0ng Ph\u1ee5 n\u1eef", "lat": 10.7835078, "lon": 106.6875356, "routes": ["10", "28", "30", "91"]}, "11768103491": {"name": "B\u1ec7nh vi\u1ec7n Tai M\u0169i H\u1ecdng", "lat": 10.7846395, "lon": 106.6838594, "routes": ["28"]}, "11768103492": {"name": "Tr\u01b0\u1eddng Ti\u1ec3u h\u1ecdc Tr\u1ea7n Quang Di\u1ec7u", "lat": 10.7879471, "lon": 106.6777336, "routes": ["28"]}, "11768103493": {"name": "Nh\u00e0 th\u1edd V\u01b0\u1eddn Xo\u00e0i", "lat": 10.7891775, "lon": 106.6755345, "routes": ["28"]}, "11768103496": {"name": "Tr\u01b0\u1eddng \u0110\u1ea1i h\u1ecdc T\u00e0i nguy\u00ean M\u00f4i tr\u01b0\u1eddng", "lat": 10.7953181, "lon": 106.6669298, "routes": ["28"]}, "11768103498": {"name": "Tr\u1ea1m x\u0103ng d\u1ea7u - 380 L\u00ea V\u0103n S\u1ef9", "lat": 10.7975534, "lon": 106.6639221, "routes": ["28"]}, "11769139666": {"name": "V\u00f2ng quay Ng\u00e3 s\u00e1u L\u00ea V\u0103n S\u1ef9", "lat": 10.7984972, "lon": 106.6625769, "routes": ["28"]}, "11769139667": {"name": "Ng\u00e3 t\u01b0 Ph\u1ea1m V\u0103n Hai", "lat": 10.7962591, "lon": 106.6655569, "routes": ["28"]}, "11769139668": {"name": "B\u1ec7nh vi\u1ec7n Ch\u1ea5n th\u01b0\u01a1ng Ch\u1ec9nh h\u00ecnh S\u00e0i G\u00f2n", "lat": 10.7946406, "lon": 106.6677692, "routes": ["28"]}, "11769143869": {"name": "Nh\u00e0 th\u1edd Ba Chu\u00f4ng", "lat": 10.792598, "lon": 106.6705338, "routes": ["28"]}, "11769143870": {"name": "C\u1ed5ng Xe l\u1eeda", "lat": 10.7908348, "lon": 106.6728756, "routes": ["28"]}, "11769143871": {"name": "H\u1ebbm 491 L\u00ea V\u0103n S\u1ef9", "lat": 10.7901658, "lon": 106.6737983, "routes": ["28"]}, "11769143872": {"name": "Nh\u00e0 th\u1edd V\u01b0\u1eddn Xo\u00e0i", "lat": 10.788972, "lon": 106.6757992, "routes": ["28"]}, "11769143873": {"name": "B\u1ec7nh vi\u1ec7n Tai M\u0169i H\u1ecdng", "lat": 10.7846742, "lon": 106.6835984, "routes": ["28"]}, "11769143878": {"name": "T\u00f4n Th\u1ea5t T\u00f9ng", "lat": 10.7696619, "lon": 106.6907636, "routes": ["28", "46", "65"]}, "11771724309": {"name": "Tr\u01b0\u1eddng Cao \u0111\u1eb3ng Giao th\u00f4ng V\u1eadn t\u1ea3i", "lat": 10.7878677, "lon": 106.6220746, "routes": ["30"]}, "11771724314": {"name": "Cafe Su\u1ed1i Reo", "lat": 10.7903833, "lon": 106.6282889, "routes": ["30", "41"]}, "11771724316": {"name": "Tr\u01b0\u1eddng Ti\u1ec3u h\u1ecdc L\u00ea V\u0103n T\u00e1m", "lat": 10.792498, "lon": 106.6313299, "routes": ["30"]}, "11771724317": {"name": "UBND Ph\u01b0\u1eddng T\u00e2n Th\u00e0nh", "lat": 10.7921642, "lon": 106.6334331, "routes": ["30"]}, "11771724318": {"name": "Ng\u00e3 ba Th\u1ea9m M\u1ef9", "lat": 10.7916497, "lon": 106.6367677, "routes": ["30"]}, "11771724319": {"name": "\u00c2u C\u01a1", "lat": 10.7945561, "lon": 106.6381272, "routes": ["30"]}, "11771724320": {"name": "B\u00e0u C\u00e1t 2", "lat": 10.7948232, "lon": 106.6406462, "routes": ["30"]}, "11771724321": {"name": "Ch\u00f9a Thi\u1ec1n Quang", "lat": 10.7978239, "lon": 106.6416098, "routes": ["30"]}, "11771724322": {"name": "Ng\u00e3 ba H\u1ed3ng \u0110\u00e0o", "lat": 10.79771, "lon": 106.6442527, "routes": ["13", "30", "65", "94"]}, "11771724325": {"name": "Tr\u1ea1m y t\u1ebf Ph\u01b0\u1eddng 4", "lat": 10.7915791, "lon": 106.65574, "routes": ["13", "30", "65", "103"]}, "11771724326": {"name": "H\u1ed3 b\u01a1i C\u1ed9ng H\u00f2a", "lat": 10.7901062, "lon": 106.6585588, "routes": ["13", "30", "65", "103"]}, "11771724327": {"name": "\u00d4ng T\u1ea1", "lat": 10.7892696, "lon": 106.6601302, "routes": ["13", "30", "65", "103"]}, "11771724328": {"name": "H\u1ed9i th\u00e1nh tin l\u00e0nh H\u00f2a H\u01b0ng", "lat": 10.7846938, "lon": 106.6687068, "routes": ["13", "30", "65"]}, "11771724329": {"name": "Ng\u00e3 ba T\u00f4 Hi\u1ebfn Th\u00e0nh", "lat": 10.782565, "lon": 106.6726892, "routes": ["13", "30", "65"]}, "11771724330": {"name": "Ng\u00e3 ba H\u00f2a H\u01b0ng", "lat": 10.7803495, "lon": 106.6768369, "routes": ["13", "30", "65"]}, "11771724336": {"name": "\u0110i\u1ec7n Bi\u00ean Ph\u1ee7", "lat": 10.7848833, "lon": 106.6934487, "routes": ["30", "36"]}, "11771724337": {"name": "\u0110\u1ea1i h\u1ecdc Kinh t\u1ebf", "lat": 10.7832689, "lon": 106.695216, "routes": ["30", "36"]}, "11771724338": {"name": "Nh\u00e0 V\u0103n h\u00f3a Thanh ni\u00ean", "lat": 10.7817489, "lon": 106.6967953, "routes": ["30", "36", "52", "52"]}, "11771724345": {"name": "C\u00e2y x\u0103ng Ho\u00e0ng Nguy\u00ean", "lat": 10.7908025, "lon": 106.717903, "routes": ["30", "56"]}, "11771724347": {"name": "M\u1ea7m non Hoa L\u01b0", "lat": 10.7841719, "lon": 106.7075841, "routes": ["30", "44", "53", "56", "88"]}, "11771724348": {"name": "TTTM S\u00e0i G\u00f2n", "lat": 10.7842885, "lon": 106.7043223, "routes": ["30", "44"]}, "11771724349": {"name": "Nh\u00e0 V\u0103n h\u00f3a Thanh ni\u00ean", "lat": 10.7817889, "lon": 106.6968852, "routes": ["30", "36", "52"]}, "11771724350": {"name": "\u0110\u1ea1i h\u1ecdc Kinh t\u1ebf", "lat": 10.7840139, "lon": 106.6945369, "routes": ["30", "36"]}, "11771724351": {"name": "V\u00f5 Th\u1ecb S\u00e1u", "lat": 10.7865582, "lon": 106.6916943, "routes": ["30"]}, "11771724352": {"name": "\u0110i\u1ec7n Bi\u00ean Ph\u1ee7", "lat": 10.7851009, "lon": 106.6933645, "routes": ["30", "36"]}, "11771724353": {"name": "Ph\u1ea1m Ng\u1ecdc Th\u1ea1ch", "lat": 10.786946, "lon": 106.6910192, "routes": ["10", "30", "36", "72-1", "91"]}, "11771724355": {"name": "Ch\u00f9a B\u1eedu \u0110\u00e0", "lat": 10.7815856, "lon": 106.6746904, "routes": ["13", "30", "65"]}, "11771724358": {"name": "B\u1eafc H\u1ea3i", "lat": 10.7874482, "lon": 106.663694, "routes": ["13", "30", "65", "103"]}, "11771724359": {"name": "Ng\u00e3 ba B\u00e0nh V\u0103n Tr\u00e2n", "lat": 10.7886617, "lon": 106.6614603, "routes": ["13", "30", "65", "103"]}, "11771724360": {"name": "\u00d4ng T\u1ea1", "lat": 10.7900064, "lon": 106.6589092, "routes": ["13", "30", "65", "103"]}, "11771724361": {"name": "C\u01b0 x\u00e1 T\u1ef1 Do", "lat": 10.7914122, "lon": 106.6562173, "routes": ["13", "30", "65", "103"]}, "11771724363": {"name": "Nh\u00e0 th\u1edd \u0110\u1eafc L\u1ed9", "lat": 10.7949985, "lon": 106.6495844, "routes": ["13", "30", "64", "65", "94"]}, "11771724364": {"name": "Ng\u00e3 ba B\u00ecnh Gi\u00e3", "lat": 10.7977586, "lon": 106.644479, "routes": ["13", "30", "65", "94"]}, "11771724365": {"name": "Ch\u00f9a Thi\u1ec1n Quang", "lat": 10.7982346, "lon": 106.6416659, "routes": ["30"]}, "11771724366": {"name": "B\u00e0u C\u00e1t 2", "lat": 10.7945803, "lon": 106.6405197, "routes": ["30"]}, "11771724367": {"name": "\u00c2u C\u01a1", "lat": 10.7944001, "lon": 106.6379686, "routes": ["30"]}, "11771724368": {"name": "10 \u0110\u1ed9c L\u1eadp", "lat": 10.7916851, "lon": 106.6370287, "routes": ["30"]}, "11771727969": {"name": "UBND Ph\u01b0\u1eddng T\u00e2n Th\u00e0nh", "lat": 10.7922481, "lon": 106.6334796, "routes": ["30"]}, "11771727970": {"name": "Tr\u01b0\u1eddng Ti\u1ec3u h\u1ecdc L\u00ea V\u0103n T\u00e1m", "lat": 10.792553, "lon": 106.63129, "routes": ["30"]}, "11771727971": {"name": "Nh\u00e0 th\u1edd Martino", "lat": 10.7926328, "lon": 106.628831, "routes": ["30", "41"]}, "11771727973": {"name": "Nh\u00e0 th\u1edd T\u00e2n H\u01b0\u01a1ng", "lat": 10.7898462, "lon": 106.6239773, "routes": ["30", "41"]}, "11771727974": {"name": "Ch\u1ee3 T\u00e2n H\u01b0\u01a1ng", "lat": 10.7901682, "lon": 106.6213475, "routes": ["30", "32", "69"]}, "11771727975": {"name": "L\u00ea S\u00e1t", "lat": 10.7899258, "lon": 106.6190569, "routes": ["30"]}, "11771727976": {"name": "B\u00ecnh Long", "lat": 10.7881368, "lon": 106.6188503, "routes": ["30"]}, "11771727995": {"name": "B\u00e0 L\u00ea Ch\u00e2n", "lat": 10.7917146, "lon": 106.6902974, "routes": ["31", "36"]}, "11773317346": {"name": "\u0110a Kao - 30 Tr\u1ea7n Quang Kh\u1ea3i", "lat": 10.7926083, "lon": 106.6951283, "routes": ["31", "36"]}, "11773317347": {"name": "Nguy\u1ec5n H\u1eefu C\u1ea7u", "lat": 10.7922021, "lon": 106.6928116, "routes": ["31", "36"]}, "11773317348": {"name": "\u0110\u1ea1i h\u1ecdc Kinh t\u1ebf", "lat": 10.7828867, "lon": 106.694204, "routes": ["31", "93", "150"]}, "11773317349": {"name": "Tr\u1ea1m trung chuy\u1ec3n H\u00e0m Nghi", "lat": 10.7711507, "lon": 106.6996046, "routes": ["31", "36"]}, "11773317350": {"name": "Tr\u1ea1m trung chuy\u1ec3n H\u00e0m Nghi", "lat": 10.7711451, "lon": 106.6998113, "routes": ["109", "152"]}, "11773317351": {"name": "Tr\u1ea1m trung chuy\u1ec3n H\u00e0m Nghi", "lat": 10.7711359, "lon": 106.7000466, "routes": ["52", "93"]}, "11773317352": {"name": "Tr\u1ea1m trung chuy\u1ec3n H\u00e0m Nghi", "lat": 10.7708974, "lon": 106.7003947, "routes": ["75", "D4"]}, "11773317353": {"name": "Tr\u1ea7n H\u01b0ng \u0110\u1ea1o", "lat": 10.7685577, "lon": 106.6949906, "routes": ["31", "38", "46", "56", "72", "102", "140", "152"]}, "11773323773": {"name": "Nguy\u1ec5n L\u00fd", "lat": 10.7767855, "lon": 106.6282125, "routes": ["32"]}, "11773323776": {"name": "Ch\u1ee3 Ph\u01b0\u1eddng 18", "lat": 10.7831892, "lon": 106.6257608, "routes": ["32"]}, "11773323777": {"name": "Ph\u1ea1m V\u0103n X\u1ea3o", "lat": 10.7841009, "lon": 106.6229445, "routes": ["32"]}, "11773323778": {"name": "Tr\u01b0\u1eddng Cao \u0111\u1eb3ng Giao th\u00f4ng V\u1eadn t\u1ea3i", "lat": 10.7867181, "lon": 106.6221798, "routes": ["32", "41"]}, "11773323780": {"name": "Tr\u1ea1m cafe Minh Th\u00f9y", "lat": 10.7927712, "lon": 106.6206134, "routes": ["32", "69"]}, "11773323782": {"name": "UBND Ph\u01b0\u1eddng T\u00e2n Qu\u00fd", "lat": 10.796428, "lon": 106.6199594, "routes": ["32"]}, "11773323783": {"name": "\u0110\u1ed7 C\u00f4ng T\u01b0\u1eddng", "lat": 10.7975868, "lon": 106.619788, "routes": ["32"]}, "11773323784": {"name": "T\u00e2n K\u1ef3 T\u00e2n Qu\u00fd", "lat": 10.7989506, "lon": 106.6196101, "routes": ["32"]}, "11773323786": {"name": "Showroom \u00f4 t\u00f4 - 343-345 T\u00e2n K\u1ef3 T\u00e2n Qu\u00fd", "lat": 10.8008474, "lon": 106.6230789, "routes": ["32", "69"]}, "11773323787": {"name": "Tr\u1ea1m x\u0103ng - 295 T\u00e2n K\u1ef3 T\u00e2n Qu\u00fd", "lat": 10.8019307, "lon": 106.6260454, "routes": ["32", "41", "69"]}, "11773635217": {"name": "\u0110\u01b0\u1eddng s\u1ed1 27", "lat": 10.8027505, "lon": 106.628473, "routes": ["32", "41"]}, "11773635218": {"name": "C\u00e2y x\u0103ng S\u00e0i G\u00f2n Petro", "lat": 10.8019746, "lon": 106.6259279, "routes": ["32", "41", "69"]}, "11773635219": {"name": "Showroom \u00f4 t\u00f4 - 51/13 T\u00e2n K\u1ef3 T\u00e2n Qu\u00fd", "lat": 10.8010154, "lon": 106.6233616, "routes": ["32", "69"]}, "11773635220": {"name": "Nh\u00e0 th\u1edd H\u1ecd t\u1ed9c Nguy\u1ec5n", "lat": 10.7999334, "lon": 106.6205138, "routes": ["32", "69"]}, "11773635221": {"name": "Tr\u1ea1m \u0111\u1ea7u T\u00e2n Qu\u00fd", "lat": 10.7988038, "lon": 106.6195727, "routes": ["32"]}, "11773635222": {"name": "UBND Ph\u01b0\u1eddng T\u00e2n Qu\u00fd", "lat": 10.7965505, "lon": 106.6198935, "routes": ["32"]}, "11773635223": {"name": "Ti\u1ec7m c\u1eeda s\u1eaft - 156 T\u00e2n Qu\u00fd", "lat": 10.7930278, "lon": 106.620535, "routes": ["32", "69"]}, "11773635224": {"name": "Tr\u1ea1m Y t\u1ebf Ph\u01b0\u1eddng T\u00e2n Qu\u00fd", "lat": 10.7910272, "lon": 106.6207469, "routes": ["32", "69"]}, "11773635225": {"name": "Tr\u01b0\u1eddng Cao \u0111\u1eb3ng Giao th\u00f4ng V\u1eadn t\u1ea3i", "lat": 10.7864088, "lon": 106.6220114, "routes": ["32", "41"]}, "11773635227": {"name": "Ch\u1ee3 Ph\u01b0\u1eddng 18", "lat": 10.7829841, "lon": 106.6259909, "routes": ["32"]}, "11773635228": {"name": "Tr\u1ea7n Th\u1ee7 \u0110\u1ed9", "lat": 10.7818693, "lon": 106.6287206, "routes": ["32"]}, "11773635229": {"name": "L\u00ea Cao L\u00e3ng", "lat": 10.7787092, "lon": 106.6277098, "routes": ["32"]}, "11773635230": {"name": "Cu\u1ed1i T\u00f4 Hi\u1ec7u", "lat": 10.7754628, "lon": 106.6281607, "routes": ["32"]}, "11773635231": {"name": "\u0110\u1ea7u T\u00f4 Hi\u1ec7u", "lat": 10.7728126, "lon": 106.6272663, "routes": ["32"]}, "11773635232": {"name": "Trung t\u00e2m Anh ng\u1eef - 193 L\u0169y B\u00e1n B\u00edch", "lat": 10.7688599, "lon": 106.6316512, "routes": ["32"]}, "11774744262": {"name": "Nh\u00e0 th\u1edd \u0110\u1ee9c B\u00e0", "lat": 10.7792374, "lon": 106.6991514, "routes": ["36"]}, "11774744263": {"name": "Pasteur", "lat": 10.7782822, "lon": 106.6992407, "routes": ["36"]}, "11774744264": {"name": "Nam K\u1ef3 Kh\u1edfi Ngh\u0129a", "lat": 10.777234, "lon": 106.6983113, "routes": ["36"]}, "11775251420": {"name": "\u0110\u1ea1i h\u1ecdc B\u00e1ch Khoa (c\u1ed5ng sau)", "lat": 10.773358, "lon": 106.6611492, "routes": ["38", "50", "59", "69", "103"]}, "11775251423": {"name": "Tr\u1ea1m \u0111\u0103ng ki\u1ec3m - 345F L\u1ea1c Long Qu\u00e2n", "lat": 10.7702498, "lon": 106.6447185, "routes": ["38", "145", "148"]}, "11775251427": {"name": "Tr\u01b0\u1eddng THCS L\u00ea Qu\u00fd \u0110\u00f4n", "lat": 10.767503, "lon": 106.6429734, "routes": ["38", "145", "148"]}, "11775251428": {"name": "\u0110\u01b0\u1eddng Nguy\u1ec5n Th\u1ecb Nh\u1ecf", "lat": 10.7702066, "lon": 106.652674, "routes": ["38", "69"]}, "11775251429": {"name": "Nh\u00e0 thi \u0111\u1ea5u Ph\u00fa Th\u1ecd", "lat": 10.7704597, "lon": 106.6572491, "routes": ["38", "69"]}, "11775251430": {"name": "B\u1ec7nh vi\u1ec7n Trung V\u01b0\u01a1ng", "lat": 10.7711036, "lon": 106.6590817, "routes": ["38", "50", "59", "69", "103"]}, "11775251432": {"name": "Ng\u00e2n h\u00e0ng Qu\u00e2n \u0110\u1ed9i - 405 T\u00f4 Hi\u1ebfn Th\u00e0nh", "lat": 10.7755793, "lon": 106.6630014, "routes": ["38", "59", "69", "103"]}, "11775251434": {"name": "Nh\u00e0 th\u1edd \u0110\u1ed3ng Ti\u1ebfn", "lat": 10.7704104, "lon": 106.6658966, "routes": ["38", "59", "69"]}, "11775271689": {"name": "Nh\u00e0 thu\u1ed1c Thi\u00ean \u00c2n", "lat": 10.7762132, "lon": 106.6058976, "routes": ["41"]}, "11775271691": {"name": "B\u1ec7nh vi\u1ec7n \u0110a khoa B\u00ecnh T\u00e2n", "lat": 10.7760223, "lon": 106.6131335, "routes": ["41"]}, "11775271693": {"name": "B\u00ecnh Long", "lat": 10.7762453, "lon": 106.6215198, "routes": ["41"]}, "11775271694": {"name": "\u0110\u1ed7 B\u00ed", "lat": 10.7802815, "lon": 106.6202501, "routes": ["41"]}, "11775271695": {"name": "C\u00e2y x\u0103ng B\u00ecnh Long", "lat": 10.7819834, "lon": 106.6206987, "routes": ["41"]}, "11775271699": {"name": "L\u00ea \u0110\u00ecnh Th\u00e1m", "lat": 10.7964817, "lon": 106.6238426, "routes": ["41"]}, "11775271700": {"name": "Cu\u1ed1i C\u1ea7u X\u00e9o", "lat": 10.8003516, "lon": 106.6242716, "routes": ["41"]}, "11775484676": {"name": "\u0110\u1ea7u C\u1ea7u X\u00e9o", "lat": 10.800379, "lon": 106.6241584, "routes": ["41"]}, "11775484677": {"name": "L\u00ea \u0110\u00ecnh Th\u00e1m", "lat": 10.7966221, "lon": 106.6237638, "routes": ["41"]}, "11775484678": {"name": "Cafe Tino", "lat": 10.7958633, "lon": 106.6248045, "routes": ["41"]}, "11775484679": {"name": "Chung c\u01b0 G\u00f2 D\u1ea7u", "lat": 10.7956986, "lon": 106.6280936, "routes": ["41"]}, "11775484680": {"name": "T\u00e2n S\u01a1n Nh\u00ec", "lat": 10.7940046, "lon": 106.6287921, "routes": ["41"]}, "11775484681": {"name": "C\u00e2y x\u0103ng B\u00ecnh Long", "lat": 10.7821547, "lon": 106.6206551, "routes": ["41"]}, "11775484682": {"name": "B\u00ecnh Long", "lat": 10.7794975, "lon": 106.6204389, "routes": ["41"]}, "11775484683": {"name": "Ch\u00f9a Nh\u01b0 Th\u1ecb Th\u1ea5t", "lat": 10.7759832, "lon": 106.6214102, "routes": ["41"]}, "11775484684": {"name": "Si\u00eau th\u1ecb (Shop th\u1eddi trang) - 42 L\u00ea V\u0103n Qu\u1edbi", "lat": 10.7746669, "lon": 106.6185428, "routes": ["41"]}, "11775484685": {"name": "B\u1ec7nh vi\u1ec7n \u0110a khoa B\u00ecnh T\u00e2n", "lat": 10.7759245, "lon": 106.6138685, "routes": ["41"]}, "11775484686": {"name": "Ch\u1ee3 L\u00ea V\u0103n Qu\u1edbi", "lat": 10.7763445, "lon": 106.6097487, "routes": ["41"]}, "11775484687": {"name": "Tr\u1ea1m x\u0103ng - 366 L\u00ea V\u0103n Qu\u1edbi", "lat": 10.7763789, "lon": 106.6055834, "routes": ["41"]}, "11775484703": {"name": "Ch\u00f9a Di\u1ec7u Gi\u00e1c", "lat": 10.7885785, "lon": 106.7298109, "routes": ["43"]}, "11775484704": {"name": "L\u01b0\u01a1ng \u0110\u00ecnh C\u1ee7a", "lat": 10.7860031, "lon": 106.7293944, "routes": ["43"]}, "11775484729": {"name": "Tr\u1ea7n N\u00e3o", "lat": 10.785593, "lon": 106.7299955, "routes": ["43", "88"]}, "11775484730": {"name": "L\u01b0\u01a1ng \u0110\u00ecnh C\u1ee7a", "lat": 10.7859487, "lon": 106.7296132, "routes": ["43"]}, "11775484731": {"name": "Ch\u00f9a Di\u1ec7u Gi\u00e1c", "lat": 10.7889517, "lon": 106.7301317, "routes": ["43"]}, "11775484743": {"name": "L\u00ea Th\u1ecb H\u1ed3ng G\u1ea5m", "lat": 10.7691258, "lon": 106.698333, "routes": ["44"]}, "11775484744": {"name": "TTTM Vincom", "lat": 10.7785767, "lon": 106.7016647, "routes": ["44"]}, "11775484745": {"name": "B\u1ec7nh vi\u1ec7n Nhi \u0111\u1ed3ng 2", "lat": 10.7807246, "lon": 106.7036308, "routes": ["44"]}, "11775484746": {"name": "Ba Son", "lat": 10.7815207, "lon": 106.7068305, "routes": ["44", "56", "88"]}, "11775484747": {"name": "Ba Son", "lat": 10.7818263, "lon": 106.7071024, "routes": ["44", "56", "88"]}, "11775484749": {"name": "C\u1ea7u v\u01b0\u1ee3t Th\u1ee7 Thi\u00eam", "lat": 10.7910262, "lon": 106.7149161, "routes": ["44"]}, "11775484750": {"name": "Tr\u01b0\u1eddng THCS Ph\u00fa M\u1ef9", "lat": 10.7926229, "lon": 106.7122038, "routes": ["44"]}, "11775484751": {"name": "\u0110\u1ea1i h\u1ecdc T\u00f4n \u0110\u1ee9c Th\u1eafng", "lat": 10.7932772, "lon": 106.7097592, "routes": ["44"]}, "11775484752": {"name": "Tr\u01b0\u1eddng Khi\u1ebfm th\u00ednh Hy V\u1ecdng", "lat": 10.7941716, "lon": 106.709637, "routes": ["44"]}, "11775511379": {"name": "Ch\u1ee3 V\u0103n Th\u00e1nh", "lat": 10.8013437, "lon": 106.7187263, "routes": ["44"]}, "11775511380": {"name": "Tr\u01b0\u1eddng Khi\u1ebfm th\u00ednh Hy V\u1ecdng", "lat": 10.7948167, "lon": 106.7097892, "routes": ["44"]}, "11775511381": {"name": "\u0110\u1ea1i h\u1ecdc T\u00f4n \u0110\u1ee9c Th\u00e1nh", "lat": 10.7931279, "lon": 106.7100381, "routes": ["44"]}, "11775511382": {"name": "Tr\u01b0\u1eddng THCS Ph\u00fa M\u1ef9", "lat": 10.7925488, "lon": 106.7121537, "routes": ["44"]}, "11775511383": {"name": "C\u1ea7u v\u01b0\u1ee3t Th\u1ee7 Thi\u00eam", "lat": 10.790905, "lon": 106.714839, "routes": ["44"]}, "11775511384": {"name": "TTTM S\u00e0i G\u00f2n", "lat": 10.7838212, "lon": 106.7043628, "routes": ["44"]}, "11775511385": {"name": "Chu M\u1ea1nh Trinh", "lat": 10.780897, "lon": 106.7049261, "routes": ["44"]}, "11775511386": {"name": "S\u1edf K\u1ebf ho\u1ea1ch v\u00e0 \u0110\u1ea7u t\u01b0", "lat": 10.7790053, "lon": 106.7032821, "routes": ["44"]}, "11775511387": {"name": "Vincom Center \u0110\u1ed3ng Kh\u1edfi - 72 L\u00ea Th\u00e1nh T\u00f4n", "lat": 10.7778204, "lon": 106.702246, "routes": ["44", "GRP03"]}, "11775511388": {"name": "Ph\u1ed1 \u0111i b\u1ed9 Nguy\u1ec5n Hu\u1ec7", "lat": 10.7754135, "lon": 106.7001378, "routes": ["44"]}, "11782827572": {"name": "\u0110\u1ea1i h\u1ecdc H\u1ed3ng B\u00e0ng", "lat": 10.7999266, "lon": 106.7075657, "routes": ["10", "45", "93", "150"]}, "11782827573": {"name": "V\u00f2ng quay H\u00e0ng Xanh", "lat": 10.8009117, "lon": 106.7099161, "routes": ["10", "45", "93", "150"]}, "11782827574": {"name": "V\u00f2ng xoay H\u00e0ng Xanh", "lat": 10.8014918, "lon": 106.709851, "routes": ["10", "45", "150"]}, "11782827577": {"name": "Nguy\u1ec5n \u0110\u00ecnh Chi\u1ec3u", "lat": 10.7898169, "lon": 106.7021296, "routes": ["45"]}, "11789253344": {"name": "R\u1ea1p T\u00e2n S\u01a1n Nh\u1ea5t", "lat": 10.8024864, "lon": 106.6658298, "routes": ["50", "59", "148"]}, "11793308590": {"name": "Ch\u1ee3 H\u00e0ng Xanh", "lat": 10.8029749, "lon": 106.7104745, "routes": ["60-7", "55", "104"]}, "11793308592": {"name": "B\u1ea3o t\u00e0ng T\u00f4n \u0110\u1ee9c Th\u1eafng", "lat": 10.7772275, "lon": 106.707092, "routes": ["56", "88"]}, "11799722423": {"name": "C\u00e2y Keo", "lat": 10.7718932, "lon": 106.63211, "routes": ["62", "64", "69"]}, "11799722424": {"name": "C\u00f4ng ty Nh\u1ef1a T\u00e2n Ph\u00fa", "lat": 10.7744507, "lon": 106.6327927, "routes": ["62", "64", "69"]}, "11799722425": {"name": "\u0110\u00ecnh H\u00f2a Th\u1ea1nh", "lat": 10.7763773, "lon": 106.633973, "routes": ["62", "64", "69"]}, "11799722426": {"name": "Tho\u1ea1i Ng\u1ecdc H\u1ea7u", "lat": 10.7794831, "lon": 106.6355816, "routes": ["62", "64", "69"]}, "11799722427": {"name": "UBND Qu\u1eadn T\u00e2n Ph\u00fa", "lat": 10.7831843, "lon": 106.6378882, "routes": ["62"]}, "11802296429": {"name": "Tr\u01b0\u1eddng Trung c\u1ea5p CNTT S\u00e0i G\u00f2n", "lat": 10.7852895, "lon": 106.6406271, "routes": ["62", "64"]}, "11802296430": {"name": "Tho\u1ea1i Ng\u1ecdc H\u1ea7u", "lat": 10.7792124, "lon": 106.6353229, "routes": ["62", "64", "69"]}, "11802296431": {"name": "\u0110\u00ecnh H\u00f2a Th\u1ea1nh", "lat": 10.7769791, "lon": 106.634159, "routes": ["62", "64", "69"]}, "11802296432": {"name": "C\u00f4ng ty Nh\u1ef1a T\u00e2n Ph\u00fa", "lat": 10.774611, "lon": 106.6326765, "routes": ["62", "64", "69"]}, "11802296433": {"name": "C\u00e2y Keo", "lat": 10.7715645, "lon": 106.6318909, "routes": ["62", "64", "69"]}, "11809731185": {"name": "H\u1ed9i Ch\u1eef th\u1eadp \u0111\u1ecf T\u00e2n B\u00ecnh", "lat": 10.7963101, "lon": 106.6456091, "routes": ["64"]}, "11809731187": {"name": "Ph\u01b0\u01a1ng Nam", "lat": 10.7923392, "lon": 106.6430222, "routes": ["64"]}, "11809731188": {"name": "Ng\u00e3 t\u01b0 Nguy\u1ec5n H\u1ed3ng \u0110\u00e0o", "lat": 10.7931078, "lon": 106.6411208, "routes": ["64"]}, "11809731192": {"name": "Ph\u00fa Th\u1ecd H\u00f2a", "lat": 10.78248, "lon": 106.6360479, "routes": ["69"]}, "11809731196": {"name": "Ph\u00fa Th\u1ecd H\u00f2a", "lat": 10.7831155, "lon": 106.6363238, "routes": ["64", "69"]}, "11809731197": {"name": "UBND Qu\u1eadn T\u00e2n Ph\u00fa", "lat": 10.7850243, "lon": 106.6366029, "routes": ["64", "69"]}, "11809731198": {"name": "L\u0169y B\u00e1n B\u00edch", "lat": 10.787021, "lon": 106.6378432, "routes": ["64"]}, "11809731199": {"name": "Thi\u00ean H\u00f2a", "lat": 10.786906, "lon": 106.640372, "routes": ["64"]}, "11809731200": {"name": "Ng\u00e3 t\u01b0 Nguy\u1ec5n H\u1ed3ng \u0110\u00e0o", "lat": 10.792947, "lon": 106.6409921, "routes": ["64"]}, "11809731201": {"name": "Ph\u01b0\u01a1ng Nam", "lat": 10.7922278, "lon": 106.6427987, "routes": ["64"]}, "11809731202": {"name": "Tr\u01b0\u1eddng Ti\u1ec3u h\u1ecdc Tr\u1ea7n Qu\u1ed1c To\u1ea3n", "lat": 10.7924526, "lon": 106.6442695, "routes": ["64"]}, "11809731203": {"name": "\u0110\u01b0\u1eddng \u0110\u1ed3ng \u0110en", "lat": 10.7941013, "lon": 106.6449215, "routes": ["64"]}, "11809731204": {"name": "H\u1ed9i Ch\u1eef th\u1eadp \u0111\u1ecf T\u00e2n B\u00ecnh", "lat": 10.7964028, "lon": 106.6457039, "routes": ["64"]}, "11811380950": {"name": "V\u00f5 V\u0103n T\u1ea7n", "lat": 10.773994, "lon": 106.6889316, "routes": ["13", "65", "69"]}, "11811394816": {"name": "180 V\u01b0\u1eddn L\u00e0i", "lat": 10.7879955, "lon": 106.6285234, "routes": ["69"]}, "11811394818": {"name": "Ph\u1ea1m V\u0103n X\u1ea3o", "lat": 10.7883654, "lon": 106.623726, "routes": ["69"]}, "11811394820": {"name": "T\u00e2n Qu\u00fd", "lat": 10.7992702, "lon": 106.619031, "routes": ["69"]}, "11811792470": {"name": "D\u01b0\u01a1ng V\u0103n D\u01b0\u01a1ng", "lat": 10.7958156, "lon": 106.6176537, "routes": ["69"]}, "11811792471": {"name": "Ph\u1ea1m V\u0103n X\u1ea3o", "lat": 10.7883288, "lon": 106.6234194, "routes": ["69"]}, "11811792472": {"name": "V\u01b0\u1eddn L\u00e0i", "lat": 10.7878227, "lon": 106.626242, "routes": ["69"]}, "11811792473": {"name": "Minh T\u00e2m", "lat": 10.7881182, "lon": 106.6292279, "routes": ["69"]}, "11811792474": {"name": "Nguy\u1ec5n V\u0103n T\u1ed5", "lat": 10.7878005, "lon": 106.6326951, "routes": ["69"]}, "11811792475": {"name": "L\u0169y B\u00e1n B\u00edch", "lat": 10.7866912, "lon": 106.6358484, "routes": ["69"]}, "11811792477": {"name": "UBND Ph\u01b0\u1eddng 11", "lat": 10.7676602, "lon": 106.6501454, "routes": ["69"]}, "11813095034": {"name": "Cao Th\u1eafng", "lat": 10.7712061, "lon": 106.6773431, "routes": ["10", "91", "150"]}, "11813095035": {"name": "B\u1ec7nh vi\u1ec7n B\u00ecnh D\u00e2n", "lat": 10.7746603, "lon": 106.6813376, "routes": ["10", "91", "150"]}, "11845929852": {"name": "C\u00f4ng an Ph\u01b0\u1eddng 10", "lat": 10.7700566, "lon": 106.6733463, "routes": ["91"]}, "11846011871": {"name": "UBND Ph\u01b0\u1eddng \u0110akao", "lat": 10.7888191, "lon": 106.6998278, "routes": ["93", "150"]}, "11846011872": {"name": "M\u1ea1c \u0110\u0129nh Chi", "lat": 10.7869617, "lon": 106.6980755, "routes": ["93", "150"]}, "11846011873": {"name": "Hai B\u00e0 Tr\u01b0ng", "lat": 10.7852597, "lon": 106.6964717, "routes": ["93", "150"]}, "11861137467": {"name": "Th\u00e0nh Th\u00e1i n\u1ed1i d\u00e0i", "lat": 10.7777253, "lon": 106.6623519, "routes": ["103"]}, "11861142570": {"name": "C\u00f4ng vi\u00ean L\u00ea Th\u1ecb Ri\u1ec1ng", "lat": 10.7852335, "lon": 106.6662336, "routes": ["103"]}, "11861142589": {"name": "C\u00f4ng vi\u00ean L\u00ea Th\u1ecb Ri\u1ec1ng", "lat": 10.7845764, "lon": 106.6657766, "routes": ["103"]}, "11861142590": {"name": "Ng\u00e3 t\u01b0 Nguy\u1ec5n Gi\u1ea3n Thanh", "lat": 10.7820214, "lon": 106.6637133, "routes": ["103"]}, "11861142591": {"name": "Ng\u00e3 t\u01b0 \u0110\u1ed3ng Nai", "lat": 10.7812618, "lon": 106.6617582, "routes": ["103"]}, "11861142592": {"name": "Tr\u01b0\u1eddng THPT Nguy\u1ec5n Du", "lat": 10.7792461, "lon": 106.6623777, "routes": ["103"]}, "11861142593": {"name": "Th\u00e0nh Th\u00e1i n\u1ed1i d\u00e0i", "lat": 10.7777484, "lon": 106.6620525, "routes": ["103"]}, "11866556388": {"name": "Tr\u01b0\u1eddng Nguy\u1ec5n Th\u00e1i H\u1ecdc", "lat": 10.7676443, "lon": 106.6962379, "routes": ["139"]}, "11868138099": {"name": "Ng\u00e3 t\u01b0 \u00c2u C\u01a1", "lat": 10.7752928, "lon": 106.6484938, "routes": ["145", "148"]}, "11868138103": {"name": "C\u00e2y x\u0103ng L\u1ea1c Long Qu\u00e2n", "lat": 10.788362, "lon": 106.6518569, "routes": ["145", "148"]}, "11868138105": {"name": "C\u00e2y x\u0103ng L\u1ea1c Long Qu\u00e2n", "lat": 10.7885149, "lon": 106.6517849, "routes": ["145", "148"]}, "11868138106": {"name": "Ni s\u01b0 Hu\u1ef3nh Li\u00ean", "lat": 10.7814414, "lon": 106.6500372, "routes": ["145", "148"]}, "11868138107": {"name": "Ch\u00f9a Gi\u00e1c L\u00e2m", "lat": 10.777835, "lon": 106.6498175, "routes": ["145", "148"]}, "11868138108": {"name": "Ng\u00e3 t\u01b0 L\u1ea1c Long Qu\u00e2n", "lat": 10.7754372, "lon": 106.6484555, "routes": ["145", "148"]}, "11868700611": {"name": "Khu \u0111\u00f4 th\u1ecb Sala", "lat": 10.7731932, "lon": 106.721597, "routes": ["D4"]}, "11868700612": {"name": "Trung t\u00e2m Qu\u1ea3n l\u00fd \u0110i\u1ec1u h\u00e0nh Giao th\u00f4ng \u0110\u00f4 th\u1ecb", "lat": 10.7718399, "lon": 106.7178287, "routes": ["D4"]}, "11868700614": {"name": "S\u1edf Giao d\u1ecbch Ch\u1ee9ng kho\u00e1n", "lat": 10.7687202, "lon": 106.70154, "routes": ["D4"]}, "11868700617": {"name": "Trung t\u00e2m Qu\u1ea3n l\u00fd \u0110i\u1ec1u h\u00e0nh Giao th\u00f4ng \u0110\u00f4 th\u1ecb", "lat": 10.7710461, "lon": 106.7176945, "routes": ["D4"]}, "11868700618": {"name": "Khu \u0111\u00f4 th\u1ecb Sala", "lat": 10.7733, "lon": 106.7234936, "routes": ["D4"]}, "11868700660": {"name": "Vinhomes Central Park - T\u00f2a nh\u00e0 Landmark 81", "lat": 10.795827, "lon": 106.7225902, "routes": ["GRP03", "GRP03"]}, "11868700661": {"name": "\u0110\u1ed1i di\u1ec7n T\u00f2a nh\u00e0 Park 3 VInhomes Central Park", "lat": 10.7916164, "lon": 106.7233192, "routes": ["GRP03", "GRP03"]}, "11868700662": {"name": "Vinhomes Golden River - Khu ph\u1ee9c h\u1ee3p Ba Son", "lat": 10.7834393, "lon": 106.7089584, "routes": ["GRP03"]}, "11868700665": {"name": "Vinhomes Golden River - Khu ph\u00fac h\u1ee3p Ba Son", "lat": 10.7835393, "lon": 106.7090633, "routes": ["GRP03"]}, "11898041253": {"name": "B\u1ebfn B\u1ea1ch \u0110\u1eb1ng", "lat": 10.7764276, "lon": 106.7068992, "routes": ["GRP03"]}, "11919785575": {"name": "Bus line D4", "lat": 10.7716954, "lon": 106.7173768, "routes": []}, "12212047740": {"name": "\u0110\u00ecnh T\u00e2n Khai", "lat": 10.7707292, "lon": 106.6151177, "routes": ["15"]}, "12212047743": {"name": "C\u00f4ng ty B\u00f4ng B\u1ea1ch Tuy\u1ebft", "lat": 10.780946, "lon": 106.6436942, "routes": ["27"]}, "12212047744": {"name": "Nh\u00e0 th\u1edd T\u00e2n Xa Ch\u00e2u", "lat": 10.7972677, "lon": 106.66422, "routes": ["28"]}, "12212047751": {"name": "H\u1ebbm 36 Nguy\u1ec5n Gia Tri", "lat": 10.8026872, "lon": 106.7157936, "routes": ["43"]}, "12216140090": {"name": "Tr\u01b0\u1eddng Trung c\u1ea5p CNTT S\u00e0i G\u00f2n", "lat": 10.7847632, "lon": 106.6400893, "routes": ["62"]}, "12216140091": {"name": "UBND Qu\u1eadn T\u00e2n Ph\u00fa", "lat": 10.7832166, "lon": 106.6377771, "routes": ["62", "64"]}, "12235053235": {"name": "G\u00f2 D\u1ea7u", "lat": 10.7951089, "lon": 106.6203376, "routes": ["69"]}}